Report Date,Market,BenchName,Currency,TimeZone,Resolution
03/11/2014,APIGas,APIGas,EUR,Central Europe Standard Time,Hour
,,TTF
,Winter Short,90
,Winter Medium,17
,Winter Long,10
,Winter Time,0.5
,Summer Short,90
,Summer Medium,17
,Summer Long,10
,Summer Time,0.5
Date,Hour
03/11/2014,1,20.6003615720993
03/11/2014,2,20.5990437639404
03/11/2014,3,20.5977259557814
03/11/2014,4,20.5964081476225
03/11/2014,5,20.5950903394636
03/11/2014,6,20.5937725313047
03/11/2014,7,20.5924547231747
03/11/2014,8,20.5911369152093
03/11/2014,9,20.5898191074949
03/11/2014,10,20.5885013001029
03/11/2014,11,20.5871834931134
03/11/2014,12,20.585865686615
03/11/2014,13,20.5845478807058
03/11/2014,14,20.5832300754924
03/11/2014,15,20.5819122710904
03/11/2014,16,20.5805944676243
03/11/2014,17,20.5792766652274
03/11/2014,18,20.5779588640423
03/11/2014,19,20.5766410642197
03/11/2014,20,20.5753232659198
03/11/2014,21,20.5740054693119
03/11/2014,22,20.5726876745735
03/11/2014,23,20.5713698818913
03/11/2014,24,20.5700520914611
04/11/2014,1,20.5687343034873
04/11/2014,2,20.5674165181836
04/11/2014,3,20.5660987357716
04/11/2014,4,20.5647809564833
04/11/2014,5,20.5634631805586
04/11/2014,6,20.562145408246
04/11/2014,7,20.5608276391583
04/11/2014,8,20.5595098708952
04/11/2014,9,20.5581921028449
04/11/2014,10,20.5568743350218
04/11/2014,11,20.5555565674401
04/11/2014,12,20.5542388001143
04/11/2014,13,20.5529210330585
04/11/2014,14,20.5516032662903
04/11/2014,15,20.5502854998232
04/11/2014,16,20.5489677336757
04/11/2014,17,20.5476499678628
04/11/2014,18,20.5463322024025
04/11/2014,19,20.5450144373119
04/11/2014,20,20.5436966726108
04/11/2014,21,20.5423789083156
04/11/2014,22,20.5410611444454
04/11/2014,23,20.5397433810213
04/11/2014,24,20.538425618061
05/11/2014,1,20.5371078555856
05/11/2014,2,20.5357900936165
05/11/2014,3,20.5344723321732
05/11/2014,4,20.5331545712784
05/11/2014,5,20.5318368109531
05/11/2014,6,20.5305190512206
05/11/2014,7,20.5292012921034
05/11/2014,8,20.5278835336239
05/11/2014,9,20.5265657758061
05/11/2014,10,20.5252480186753
05/11/2014,11,20.5239302622551
05/11/2014,12,20.522612506569
05/11/2014,13,20.5212947516447
05/11/2014,14,20.519976997507
05/11/2014,15,20.5186592441817
05/11/2014,16,20.517341491696
05/11/2014,17,20.5160237400767
05/11/2014,18,20.5147059893523
05/11/2014,19,20.5133882395487
05/11/2014,20,20.5120704906954
05/11/2014,21,20.5107527428222
05/11/2014,22,20.5094349959572
05/11/2014,23,20.5081172501291
05/11/2014,24,20.5067995053705
06/11/2014,1,20.5054817617095
06/11/2014,2,20.504164019178
06/11/2014,3,20.5028462778082
06/11/2014,4,20.5015285376307
06/11/2014,5,20.5002107986777
06/11/2014,6,20.4988930609832
06/11/2014,7,20.4975753245792
06/11/2014,8,20.4962575894986
06/11/2014,9,20.4949398557774
06/11/2014,10,20.4936221234477
06/11/2014,11,20.4923043925457
06/11/2014,12,20.4909866631069
06/11/2014,13,20.489668935166
06/11/2014,14,20.4883512087586
06/11/2014,15,20.4870334839234
06/11/2014,16,20.4857157606953
06/11/2014,17,20.4843980391131
06/11/2014,18,20.4830803192137
06/11/2014,19,20.4817626010354
06/11/2014,20,20.4804448846176
06/11/2014,21,20.4791271699978
06/11/2014,22,20.4778094572184
06/11/2014,23,20.4764917463162
06/11/2014,24,20.4751740373335
07/11/2014,1,20.4738563303106
07/11/2014,2,20.472538625289
07/11/2014,3,20.4712209223103
07/11/2014,4,20.4699032214162
07/11/2014,5,20.4685855226496
07/11/2014,6,20.4672678260536
07/11/2014,7,20.465950131671
07/11/2014,8,20.4646324395469
07/11/2014,9,20.4633147497243
07/11/2014,10,20.4619970622482
07/11/2014,11,20.4606793771636
07/11/2014,12,20.4593616945176
07/11/2014,13,20.4580440143538
07/11/2014,14,20.4567263367201
07/11/2014,15,20.4554086616627
07/11/2014,16,20.4540909892294
07/11/2014,17,20.452773319468
07/11/2014,18,20.4514556524255
07/11/2014,19,20.450137988151
07/11/2014,20,20.4488203266951
07/11/2014,21,20.4475026681055
07/11/2014,22,20.4461850124312
07/11/2014,23,20.4448673597249
07/11/2014,24,20.4435497100362
08/11/2014,1,20.4422320634158
08/11/2014,2,20.4409144199153
08/11/2014,3,20.4395967795867
08/11/2014,4,20.4382791424846
08/11/2014,5,20.436961508658
08/11/2014,6,20.4356438781629
08/11/2014,7,20.4343262510538
08/11/2014,8,20.4330086273812
08/11/2014,9,20.4316910072025
08/11/2014,10,20.4303733905722
08/11/2014,11,20.4290557775462
08/11/2014,12,20.4277381681798
08/11/2014,13,20.4264205625288
08/11/2014,14,20.4251029606494
08/11/2014,15,20.4237853626021
08/11/2014,16,20.4224677684408
08/11/2014,17,20.4211501782243
08/11/2014,18,20.4198325920131
08/11/2014,19,20.418515009864
08/11/2014,20,20.4171974318356
08/11/2014,21,20.4158798579913
08/11/2014,22,20.4145622883877
08/11/2014,23,20.4132447230863
08/11/2014,24,20.4119271621498
09/11/2014,1,20.4106096056362
09/11/2014,2,20.4092920536116
09/11/2014,3,20.4079745061347
09/11/2014,4,20.406656963271
09/11/2014,5,20.4053394250818
09/11/2014,6,20.404021891631
09/11/2014,7,20.4027043629831
09/11/2014,8,20.401386839203
09/11/2014,9,20.4000693203561
09/11/2014,10,20.3987518065037
09/11/2014,11,20.3974342977167
09/11/2014,12,20.3961167940579
09/11/2014,13,20.3947992955968
09/11/2014,14,20.3934818023977
09/11/2014,15,20.3921643145286
09/11/2014,16,20.3908468320592
09/11/2014,17,20.3895293550549
09/11/2014,18,20.3882118835882
09/11/2014,19,20.3868944177257
09/11/2014,20,20.3855769575357
09/11/2014,21,20.3842595030919
09/11/2014,22,20.3829420544625
09/11/2014,23,20.3816246117185
09/11/2014,24,20.3803071749321
10/11/2014,1,20.3789897441743
10/11/2014,2,20.3776723195188
10/11/2014,3,20.3763549010364
10/11/2014,4,20.3750374887995
10/11/2014,5,20.3737200828846
10/11/2014,6,20.3724026833638
10/11/2014,7,20.3710852903096
10/11/2014,8,20.3697679038009
10/11/2014,9,20.3684505239103
10/11/2014,10,20.3671331507139
10/11/2014,11,20.365815784287
10/11/2014,12,20.3644984247071
10/11/2014,13,20.3631810720522
10/11/2014,14,20.3618637263958
10/11/2014,15,20.3605463878212
10/11/2014,16,20.359229056402
10/11/2014,17,20.3579117322174
10/11/2014,18,20.3565944153506
10/11/2014,19,20.3552771058753
10/11/2014,20,20.353959803876
10/11/2014,21,20.3526425094306
10/11/2014,22,20.3513252226207
10/11/2014,23,20.3500079435271
10/11/2014,24,20.3486906722314
11/11/2014,1,20.347373408817
11/11/2014,2,20.3460561533657
11/11/2014,3,20.3447389059593
11/11/2014,4,20.3434216666838
11/11/2014,5,20.3421044356182
11/11/2014,6,20.3407872128514
11/11/2014,7,20.3394699984678
11/11/2014,8,20.3381527925508
11/11/2014,9,20.3368355951848
11/11/2014,10,20.3355184064571
11/11/2014,11,20.3342012264566
11/11/2014,12,20.3328840552663
11/11/2014,13,20.3315668929749
11/11/2014,14,20.3302497396699
11/11/2014,15,20.3289325954397
11/11/2014,16,20.3276154603732
11/11/2014,17,20.3262983345603
11/11/2014,18,20.3249812180857
11/11/2014,19,20.3236641110434
11/11/2014,20,20.3223470135249
11/11/2014,21,20.3210299256175
11/11/2014,22,20.3197128474126
11/11/2014,23,20.3183957790029
11/11/2014,24,20.3170787204813
12/11/2014,1,20.3157616719391
12/11/2014,2,20.3144446334677
12/11/2014,3,20.3131276051627
12/11/2014,4,20.3118105871167
12/11/2014,5,20.310493579424
12/11/2014,6,20.3091765821787
12/11/2014,7,20.3078595954762
12/11/2014,8,20.3065426194121
12/11/2014,9,20.3052256540832
12/11/2014,10,20.3039086995823
12/11/2014,11,20.3025917560103
12/11/2014,12,20.3012748234614
12/11/2014,13,20.2999579020352
12/11/2014,14,20.2986409918271
12/11/2014,15,20.2973240929382
12/11/2014,16,20.2960072054652
12/11/2014,17,20.2946903295106
12/11/2014,18,20.2933734651697
12/11/2014,19,20.2920566125463
12/11/2014,20,20.2907397717386
12/11/2014,21,20.2894229428475
12/11/2014,22,20.2881061259795
12/11/2014,23,20.2867893212274
12/11/2014,24,20.2854725287016
13/11/2014,1,20.2841557485003
13/11/2014,2,20.2828389807287
13/11/2014,3,20.2815222254903
13/11/2014,4,20.2802054828862
13/11/2014,5,20.2788887530269
13/11/2014,6,20.2775720360105
13/11/2014,7,20.2762553319449
13/11/2014,8,20.2749386409391
13/11/2014,9,20.2736219630942
13/11/2014,10,20.2723052985207
13/11/2014,11,20.2709886473222
13/11/2014,12,20.2696720096078
13/11/2014,13,20.2683553854854
13/11/2014,14,20.2670387750654
13/11/2014,15,20.2657221784516
13/11/2014,16,20.2644055957585
13/11/2014,17,20.2630890270925
13/11/2014,18,20.2617724725615
13/11/2014,19,20.260455932284
13/11/2014,20,20.2591394063611
13/11/2014,21,20.2578228949101
13/11/2014,22,20.2565063980414
13/11/2014,23,20.255189915867
13/11/2014,24,20.2538734485001
14/11/2014,1,20.2525569960526
14/11/2014,2,20.251240558639
14/11/2014,3,20.2499241363726
14/11/2014,4,20.2486077293679
14/11/2014,5,20.2472913377369
14/11/2014,6,20.2459749616037
14/11/2014,7,20.2446586010706
14/11/2014,8,20.2433422562658
14/11/2014,9,20.2420259272985
14/11/2014,10,20.2407096142888
14/11/2014,11,20.2393933173526
14/11/2014,12,20.2380770366071
14/11/2014,13,20.2367607721726
14/11/2014,14,20.2354445241663
14/11/2014,15,20.2341282927082
14/11/2014,16,20.2328120779157
14/11/2014,17,20.2314958799116
14/11/2014,18,20.2301796988118
14/11/2014,19,20.2288635347445
14/11/2014,20,20.2275473878217
14/11/2014,21,20.2262312581743
14/11/2014,22,20.2249151459168
14/11/2014,23,20.2235990511749
14/11/2014,24,20.222282974074
15/11/2014,1,20.2209669147301
15/11/2014,2,20.2196508732754
15/11/2014,3,20.2183348498274
15/11/2014,4,20.217018844517
15/11/2014,5,20.2157028574629
15/11/2014,6,20.2143868887947
15/11/2014,7,20.2130709386379
15/11/2014,8,20.2117550071166
15/11/2014,9,20.2104390943618
15/11/2014,10,20.209123200495
15/11/2014,11,20.2078073256471
15/11/2014,12,20.2064914699504
15/11/2014,13,20.2051756335222
15/11/2014,14,20.2038598165032
15/11/2014,15,20.2025440190173
15/11/2014,16,20.2012282411915
15/11/2014,17,20.1999124831636
15/11/2014,18,20.1985967450564
15/11/2014,19,20.1972810270049
15/11/2014,20,20.1959653291428
15/11/2014,21,20.1946496515984
15/11/2014,22,20.1933339945026
15/11/2014,23,20.1920183579946
15/11/2014,24,20.1907027421998
16/11/2014,1,20.1893871472589
16/11/2014,2,20.1880715733028
16/11/2014,3,20.1867560204637
16/11/2014,4,20.1854404888809
16/11/2014,5,20.1841249786867
16/11/2014,6,20.1828094900202
16/11/2014,7,20.1814940230138
16/11/2014,8,20.1801785778052
16/11/2014,9,20.1788631545323
16/11/2014,10,20.1775477533342
16/11/2014,11,20.176232374346
16/11/2014,12,20.1749170177068
16/11/2014,13,20.1736016835557
16/11/2014,14,20.1722863720333
16/11/2014,15,20.1709710832774
16/11/2014,16,20.1696558174285
16/11/2014,17,20.1683405746285
16/11/2014,18,20.1670253550164
16/11/2014,19,20.165710158733
16/11/2014,20,20.1643949859254
16/11/2014,21,20.1630798367273
16/11/2014,22,20.1617647112889
16/11/2014,23,20.1604496097507
16/11/2014,24,20.1591345322558
17/11/2014,1,20.1578194789477
17/11/2014,2,20.1565044499707
17/11/2014,3,20.1551894454738
17/11/2014,4,20.1538744655945
17/11/2014,5,20.1525595104872
17/11/2014,6,20.151244580291
17/11/2014,7,20.1499296751558
17/11/2014,8,20.1486147952278
17/11/2014,9,20.1472999406569
17/11/2014,10,20.1459851115851
17/11/2014,11,20.1446703081651
17/11/2014,12,20.1433555305471
17/11/2014,13,20.1420407788742
17/11/2014,14,20.1407260533033
17/11/2014,15,20.1394113539777
17/11/2014,16,20.138096681053
17/11/2014,17,20.1367820346763
17/11/2014,18,20.1354674150007
17/11/2014,19,20.1341528221787
17/11/2014,20,20.1328382563606
17/11/2014,21,20.1315237176977
17/11/2014,22,20.1302092063484
17/11/2014,23,20.1288947224625
17/11/2014,24,20.1275802661917
18/11/2014,1,20.1262658376954
18/11/2014,2,20.1249514371239
18/11/2014,3,20.1236370646338
18/11/2014,4,20.1223227203823
18/11/2014,5,20.1210084045219
18/11/2014,6,20.1196941172138
18/11/2014,7,20.1183798586108
18/11/2014,8,20.1170656288737
18/11/2014,9,20.115751428154
18/11/2014,10,20.1144372566182
18/11/2014,11,20.1131231144191
18/11/2014,12,20.1118090017162
18/11/2014,13,20.110494918672
18/11/2014,14,20.1091808654433
18/11/2014,15,20.1078668421924
18/11/2014,16,20.1065528490776
18/11/2014,17,20.105238886264
18/11/2014,18,20.1039249539085
18/11/2014,19,20.1026110521775
18/11/2014,20,20.1012971812306
18/11/2014,21,20.0999833412316
18/11/2014,22,20.0986695323427
18/11/2014,23,20.0973557547304
18/11/2014,24,20.0960420085557
19/11/2014,1,20.0947282939851
19/11/2014,2,20.0934146111836
19/11/2014,3,20.0921009603148
19/11/2014,4,20.0907873415481
19/11/2014,5,20.089473755047
19/11/2014,6,20.0881602009795
19/11/2014,7,20.0868466795091
19/11/2014,8,20.0855331908119
19/11/2014,9,20.0842197350462
19/11/2014,10,20.0829063123865
19/11/2014,11,20.0815929230007
19/11/2014,12,20.0802795670552
19/11/2014,13,20.0789662447246
19/11/2014,14,20.0776529561767
19/11/2014,15,20.0763397015794
19/11/2014,16,20.0750264811099
19/11/2014,17,20.0737132949321
19/11/2014,18,20.0724001432245
19/11/2014,19,20.0710870261578
19/11/2014,20,20.0697739439011
19/11/2014,21,20.0684608966317
19/11/2014,22,20.0671478845215
19/11/2014,23,20.0658349077453
19/11/2014,24,20.0645219664775
20/11/2014,1,20.0632090608915
20/11/2014,2,20.0618961911659
20/11/2014,3,20.0605833574728
20/11/2014,4,20.0592705599893
20/11/2014,5,20.0579577988942
20/11/2014,6,20.0566450743636
20/11/2014,7,20.0553323865734
20/11/2014,8,20.0540197357022
20/11/2014,9,20.0527071219303
20/11/2014,10,20.051394545435
20/11/2014,11,20.0500820063949
20/11/2014,12,20.0487695049887
20/11/2014,13,20.0474570413994
20/11/2014,14,20.0461446158083
20/11/2014,15,20.0448322283901
20/11/2014,16,20.043519879333
20/11/2014,17,20.0422075688157
20/11/2014,18,20.0408952970197
20/11/2014,19,20.0395830641291
20/11/2014,20,20.0382708703282
20/11/2014,21,20.0369587157957
20/11/2014,22,20.0356466007211
20/11/2014,23,20.0343345252859
20/11/2014,24,20.0330224896757
21/11/2014,1,20.0317104940732
21/11/2014,2,20.0303985386695
21/11/2014,3,20.0290866236473
21/11/2014,4,20.0277747491896
21/11/2014,5,20.0264629154913
21/11/2014,6,20.0251511227325
21/11/2014,7,20.023839371107
21/11/2014,8,20.0225276607976
21/11/2014,9,20.0212159919952
21/11/2014,10,20.0199043648909
21/11/2014,11,20.0185927796715
21/11/2014,12,20.0172812365281
21/11/2014,13,20.0159697356517
21/11/2014,14,20.0146582772304
21/11/2014,15,20.0133468614608
21/11/2014,16,20.0120354885271
21/11/2014,17,20.0107241586284
21/11/2014,18,20.0094128719529
21/11/2014,19,20.0081016286958
21/11/2014,20,20.0067904290481
21/11/2014,21,20.0054792732076
21/11/2014,22,20.0041681613639
21/11/2014,23,20.0028570937147
21/11/2014,24,20.0015460704553
22/11/2014,1,20.0002350917794
22/11/2014,2,19.9989241578833
22/11/2014,3,19.9976132689662
22/11/2014,4,19.9963024252193
22/11/2014,5,19.9949916268483
22/11/2014,6,19.9936808740404
22/11/2014,7,19.9923701670014
22/11/2014,8,19.9910595059291
22/11/2014,9,19.9897488910187
22/11/2014,10,19.9884383224735
22/11/2014,11,19.9871278004912
22/11/2014,12,19.9858173252724
22/11/2014,13,19.9845068970189
22/11/2014,14,19.9831965159301
22/11/2014,15,19.9818861822077
22/11/2014,16,19.9805758960579
22/11/2014,17,19.9792656576756
22/11/2014,18,19.9779554672696
22/11/2014,19,19.9766453250418
22/11/2014,20,19.9753352311955
22/11/2014,21,19.9740251859325
22/11/2014,22,19.9727151894617
22/11/2014,23,19.9714052419863
22/11/2014,24,19.9700953437095
23/11/2014,1,19.9687854948415
23/11/2014,2,19.9674756955842
23/11/2014,3,19.9661659461462
23/11/2014,4,19.9648562467364
23/11/2014,5,19.9635465975607
23/11/2014,6,19.9622369988265
23/11/2014,7,19.9609274507425
23/11/2014,8,19.9596179535174
23/11/2014,9,19.9583085073627
23/11/2014,10,19.9569991124845
23/11/2014,11,19.9556897690982
23/11/2014,12,19.9543804774084
23/11/2014,13,19.9530712376295
23/11/2014,14,19.9517620499728
23/11/2014,15,19.9504529146498
23/11/2014,16,19.9491438318705
23/11/2014,17,19.947834801852
23/11/2014,18,19.9465258248042
23/11/2014,19,19.9452169009442
23/11/2014,20,19.9439080304792
23/11/2014,21,19.942599213633
23/11/2014,22,19.9412904506116
23/11/2014,23,19.9399817416361
23/11/2014,24,19.9386730869192
24/11/2014,1,19.9373644866805
24/11/2014,2,19.936055941133
24/11/2014,3,19.9347474504948
24/11/2014,4,19.9334390149829
24/11/2014,5,19.9321306348184
24/11/2014,6,19.9308223102153
24/11/2014,7,19.9295140413947
24/11/2014,8,19.9282058285762
24/11/2014,9,19.9268976719768
24/11/2014,10,19.9255895718202
24/11/2014,11,19.9242815283233
24/11/2014,12,19.9229735417098
24/11/2014,13,19.921665612198
24/11/2014,14,19.9203577400158
24/11/2014,15,19.9190499253759
24/11/2014,16,19.917742168509
24/11/2014,17,19.9164344696346
24/11/2014,18,19.9151268289779
24/11/2014,19,19.9138192467599
24/11/2014,20,19.9125117232097
24/11/2014,21,19.9112042585471
24/11/2014,22,19.9098968529997
24/11/2014,23,19.9085895067929
24/11/2014,24,19.9072822201515
25/11/2014,1,19.9059749933062
25/11/2014,2,19.9046678264781
25/11/2014,3,19.9033607198976
25/11/2014,4,19.9020536737939
25/11/2014,5,19.9007466883936
25/11/2014,6,19.8994397639231
25/11/2014,7,19.8981329006156
25/11/2014,8,19.8968260986976
25/11/2014,9,19.8955193584011
25/11/2014,10,19.8942126799525
25/11/2014,11,19.8929060635892
25/11/2014,12,19.8915995095363
25/11/2014,13,19.8902930180298
25/11/2014,14,19.8889865892961
25/11/2014,15,19.8876802235782
25/11/2014,16,19.8863739210956
25/11/2014,17,19.8850676820912
25/11/2014,18,19.8837615067969
25/11/2014,19,19.8824553954446
25/11/2014,20,19.881149348269
25/11/2014,21,19.8798433655102
25/11/2014,22,19.8785374473973
25/11/2014,23,19.8772315941678
25/11/2014,24,19.8759258060618
26/11/2014,1,19.8746200833139
26/11/2014,2,19.8733144261587
26/11/2014,3,19.8720088348364
26/11/2014,4,19.870703309587
26/11/2014,5,19.8693978506426
26/11/2014,6,19.8680924582513
26/11/2014,7,19.8667871326452
26/11/2014,8,19.865481874067
26/11/2014,9,19.8641766827568
26/11/2014,10,19.8628715589548
26/11/2014,11,19.861566502901
26/11/2014,12,19.8602615148384
26/11/2014,13,19.8589565950097
26/11/2014,14,19.857651743655
26/11/2014,15,19.8563469610199
26/11/2014,16,19.8550422473445
26/11/2014,17,19.8537376028771
26/11/2014,18,19.8524330278551
26/11/2014,19,19.8511285225295
26/11/2014,20,19.8498240871404
26/11/2014,21,19.8485197219361
26/11/2014,22,19.8472154271649
26/11/2014,23,19.8459112030614
26/11/2014,24,19.8446070498931
27/11/2014,1,19.8433029678863
27/11/2014,2,19.8419989572976
27/11/2014,3,19.8406950183726
27/11/2014,4,19.8393911513676
27/11/2014,5,19.8380873565202
27/11/2014,6,19.8367836340867
27/11/2014,7,19.8354799843182
27/11/2014,8,19.8341764074548
27/11/2014,9,19.8328729037557
27/11/2014,10,19.8315694734747
27/11/2014,11,19.8302661168518
27/11/2014,12,19.8289628341518
27/11/2014,13,19.8276596256146
27/11/2014,14,19.8263564915051
27/11/2014,15,19.8250534320632
27/11/2014,16,19.8237504475592
27/11/2014,17,19.8224475382276
27/11/2014,18,19.8211447043359
27/11/2014,19,19.8198419461405
27/11/2014,20,19.818539263887
27/11/2014,21,19.8172366578347
27/11/2014,22,19.8159341282453
27/11/2014,23,19.81463167537
27/11/2014,24,19.813329299468
28/11/2014,1,19.8120270007903
28/11/2014,2,19.8107247796042
28/11/2014,3,19.8094226361663
28/11/2014,4,19.8081205707276
28/11/2014,5,19.8068185835582
28/11/2014,6,19.8055166749091
28/11/2014,7,19.8042148450422
28/11/2014,8,19.8029130942195
28/11/2014,9,19.801611422703
28/11/2014,10,19.8003098307518
28/11/2014,11,19.7990083186305
28/11/2014,12,19.797706886593
28/11/2014,13,19.7964055349121
28/11/2014,14,19.795104263847
28/11/2014,15,19.7938030736595
28/11/2014,16,19.7925019646173
28/11/2014,17,19.7912009369766
28/11/2014,18,19.789899991013
28/11/2014,19,19.7885991269832
28/11/2014,20,19.7872983451571
28/11/2014,21,19.7859976457994
28/11/2014,22,19.7846970291776
28/11/2014,23,19.7833964955562
28/11/2014,24,19.7820960452082
29/11/2014,1,19.7807956783927
29/11/2014,2,19.7794953953799
29/11/2014,3,19.7781951964453
29/11/2014,4,19.7768950818563
29/11/2014,5,19.7755950518722
29/11/2014,6,19.7742951067767
29/11/2014,7,19.7729952468317
29/11/2014,8,19.7716954723073
29/11/2014,9,19.7703957834792
29/11/2014,10,19.7690961806175
29/11/2014,11,19.7677966639949
29/11/2014,12,19.7664972338789
29/11/2014,13,19.7651978905506
29/11/2014,14,19.7638986342772
29/11/2014,15,19.7625994653372
29/11/2014,16,19.7613003839979
29/11/2014,17,19.7600013905403
29/11/2014,18,19.7587024852346
29/11/2014,19,19.7574036683618
29/11/2014,20,19.756104940192
29/11/2014,21,19.754806301009
29/11/2014,22,19.7535077510802
29/11/2014,23,19.752209290692
29/11/2014,24,19.7509109201119
30/11/2014,1,19.7496126396263
30/11/2014,2,19.7483144495136
30/11/2014,3,19.7470163500466
30/11/2014,4,19.745718341509
30/11/2014,5,19.7444204241792
30/11/2014,6,19.743122598341
30/11/2014,7,19.7418248642725
30/11/2014,8,19.7405272222495
30/11/2014,9,19.7392296725584
30/11/2014,10,19.7379322154857
30/11/2014,11,19.7366348513069
30/11/2014,12,19.7353375803059
30/11/2014,13,19.7340404027664
30/11/2014,14,19.7327433189776
30/11/2014,15,19.7314463292123
30/11/2014,16,19.7301494337653
30/11/2014,17,19.7288526329176
30/11/2014,18,19.7275559269501
30/11/2014,19,19.7262593161577
30/11/2014,20,19.7249628008212
30/11/2014,21,19.7236663812246
30/11/2014,22,19.7223700576651
30/11/2014,23,19.7210738304184
30/11/2014,24,19.7197776997764
01/12/2014,1,19.718481666031
01/12/2014,2,19.7171857294716
01/12/2014,3,19.715889890379
01/12/2014,4,19.7145941490508
01/12/2014,5,19.7132985057733
01/12/2014,6,19.7120029608413
01/12/2014,7,19.7107075145414
01/12/2014,8,19.7094121671626
01/12/2014,9,19.7081169190078
01/12/2014,10,19.7068217703554
01/12/2014,11,19.7055267215082
01/12/2014,12,19.7042317727555
01/12/2014,13,19.7029369243919
01/12/2014,14,19.7016421767039
01/12/2014,15,19.7003475299998
01/12/2014,16,19.6990529845689
01/12/2014,17,19.6977585406948
01/12/2014,18,19.6964641986942
01/12/2014,19,19.6951699588426
01/12/2014,20,19.693875821451
01/12/2014,21,19.6925817868114
01/12/2014,22,19.6912878552212
01/12/2014,23,19.689994026975
01/12/2014,24,19.6887003023785
02/12/2014,1,19.6874066817263
02/12/2014,2,19.6861131653131
02/12/2014,3,19.6848197534446
02/12/2014,4,19.6835264464207
02/12/2014,5,19.6822332445363
02/12/2014,6,19.6809401481023
02/12/2014,7,19.6796471574053
02/12/2014,8,19.6783542727617
02/12/2014,9,19.6770614944662
02/12/2014,10,19.6757688228217
02/12/2014,11,19.6744762581311
02/12/2014,12,19.6731838006972
02/12/2014,13,19.6718914508283
02/12/2014,14,19.6705992088246
02/12/2014,15,19.6693070749943
02/12/2014,16,19.668015049635
02/12/2014,17,19.6667231330603
02/12/2014,18,19.6654313255731
02/12/2014,19,19.6641396274817
02/12/2014,20,19.6628480390864
02/12/2014,21,19.6615565607035
02/12/2014,22,19.660265192636
02/12/2014,23,19.6589739351921
02/12/2014,24,19.6576827886774
03/12/2014,1,19.6563917534113
03/12/2014,2,19.655100829691
03/12/2014,3,19.6538100178332
03/12/2014,4,19.652519318146
03/12/2014,5,19.6512287309433
03/12/2014,6,19.6499382565307
03/12/2014,7,19.6486478952247
03/12/2014,8,19.6473576473336
03/12/2014,9,19.6460675131711
03/12/2014,10,19.6447774930539
03/12/2014,11,19.6434875872901
03/12/2014,12,19.6421977961991
03/12/2014,13,19.6409081200836
03/12/2014,14,19.6396185592685
03/12/2014,15,19.6383291140728
03/12/2014,16,19.6370397847995
03/12/2014,17,19.6357505717679
03/12/2014,18,19.6344614753025
03/12/2014,19,19.6331724957145
03/12/2014,20,19.6318836333176
03/12/2014,21,19.630594888431
03/12/2014,22,19.6293062613768
03/12/2014,23,19.6280177524714
03/12/2014,24,19.626729362034
04/12/2014,1,19.6254410903839
04/12/2014,2,19.6241529378376
04/12/2014,3,19.6228649047198
04/12/2014,4,19.621576991347
04/12/2014,5,19.6202891980438
04/12/2014,6,19.6190015251323
04/12/2014,7,19.6177139729289
04/12/2014,8,19.6164265417638
04/12/2014,9,19.6151392319534
04/12/2014,10,19.6138520438199
04/12/2014,11,19.6125649776932
04/12/2014,12,19.6112780338926
04/12/2014,13,19.6099912127429
04/12/2014,14,19.6087045145741
04/12/2014,15,19.6074179397056
04/12/2014,16,19.6061314884646
04/12/2014,17,19.6048451611759
04/12/2014,18,19.6035589581725
04/12/2014,19,19.6022728797734
04/12/2014,20,19.6009869263144
04/12/2014,21,19.5997010981118
04/12/2014,22,19.5984153955042
04/12/2014,23,19.5971298188188
04/12/2014,24,19.595844368383
05/12/2014,1,19.5945590445217
05/12/2014,2,19.5932738475758
05/12/2014,3,19.5919887778646
05/12/2014,4,19.5907038357291
05/12/2014,5,19.5894190214913
05/12/2014,6,19.5881343354868
05/12/2014,7,19.5868497780539
05/12/2014,8,19.5855653495173
05/12/2014,9,19.5842810502099
05/12/2014,10,19.5829968804701
05/12/2014,11,19.5817128406279
05/12/2014,12,19.5804289310217
05/12/2014,13,19.5791451519817
05/12/2014,14,19.5778615038489
05/12/2014,15,19.5765779869507
05/12/2014,16,19.575294601631
05/12/2014,17,19.5740113482225
05/12/2014,18,19.5727282270609
05/12/2014,19,19.5714452384873
05/12/2014,20,19.5701623828372
05/12/2014,21,19.5688796604491
05/12/2014,22,19.5675970716638
05/12/2014,23,19.5663146168145
05/12/2014,24,19.5650322962447
06/12/2014,1,19.563750110301
06/12/2014,2,19.562468059311
06/12/2014,3,19.5611861436237
06/12/2014,4,19.5599043635775
06/12/2014,5,19.5586227195108
06/12/2014,6,19.557341211781
06/12/2014,7,19.5560598407073
06/12/2014,8,19.55477860665
06/12/2014,9,19.5534975099472
06/12/2014,10,19.5522165509401
06/12/2014,11,19.5509357299807
06/12/2014,12,19.5496550474018
06/12/2014,13,19.5483745035608
06/12/2014,14,19.5470940987962
06/12/2014,15,19.5458138334516
06/12/2014,16,19.5445337078845
06/12/2014,17,19.5432537224278
06/12/2014,18,19.5419738774362
06/12/2014,19,19.5406941732617
06/12/2014,20,19.5394146102399
06/12/2014,21,19.5381351887336
06/12/2014,22,19.5368559090784
06/12/2014,23,19.5355767716346
06/12/2014,24,19.5342977767459
07/12/2014,1,19.533018924767
07/12/2014,2,19.5317402160417
07/12/2014,3,19.5304616509302
07/12/2014,4,19.5291832297735
07/12/2014,5,19.5279049529317
07/12/2014,6,19.526626820757
07/12/2014,7,19.5253488335957
07/12/2014,8,19.524070991808
07/12/2014,9,19.5227932957459
07/12/2014,10,19.5215157457615
07/12/2014,11,19.5202383422065
07/12/2014,12,19.5189610854468
07/12/2014,13,19.517683975826
07/12/2014,14,19.5164070137098
07/12/2014,15,19.515130199442
07/12/2014,16,19.5138535333908
07/12/2014,17,19.5125770159084
07/12/2014,18,19.5113006473575
07/12/2014,19,19.5100244280848
07/12/2014,20,19.5087483584639
07/12/2014,21,19.507472438836
07/12/2014,22,19.5061966695775
07/12/2014,23,19.5049210510379
07/12/2014,24,19.5036455835825
08/12/2014,1,19.5023702675662
08/12/2014,2,19.5010951033519
08/12/2014,3,19.4998200913051
08/12/2014,4,19.4985452317833
08/12/2014,5,19.4972705251548
08/12/2014,6,19.4959959717744
08/12/2014,7,19.4947215720076
08/12/2014,8,19.4934473262201
08/12/2014,9,19.4921732347748
08/12/2014,10,19.4908992980399
08/12/2014,11,19.4896255163731
08/12/2014,12,19.4883518901424
08/12/2014,13,19.4870784197165
08/12/2014,14,19.485805105458
08/12/2014,15,19.4845319477381
08/12/2014,16,19.483258946917
08/12/2014,17,19.4819861033684
08/12/2014,18,19.4807134174553
08/12/2014,19,19.4794408895514
08/12/2014,20,19.4781685200196
08/12/2014,21,19.4768963092338
08/12/2014,22,19.4756242575622
08/12/2014,23,19.4743523653706
08/12/2014,24,19.4730806330381
09/12/2014,1,19.4718090609249
09/12/2014,2,19.4705376494157
09/12/2014,3,19.4692663988653
09/12/2014,4,19.4679953096638
09/12/2014,5,19.4667243821714
09/12/2014,6,19.4654536167645
09/12/2014,7,19.4641830138198
09/12/2014,8,19.4629125737029
09/12/2014,9,19.4616422967983
09/12/2014,10,19.4603721834746
09/12/2014,11,19.459102234111
09/12/2014,12,19.4578324490758
09/12/2014,13,19.4565628287564
09/12/2014,14,19.4552933735131
09/12/2014,15,19.4540240837441
09/12/2014,16,19.4527549598042
09/12/2014,17,19.4514860020918
09/12/2014,18,19.4502172109669
09/12/2014,19,19.4489485868253
09/12/2014,20,19.447680130027
09/12/2014,21,19.4464118409705
09/12/2014,22,19.4451437200241
09/12/2014,23,19.4438757675698
09/12/2014,24,19.4426079839895
10/12/2014,1,19.4413403696681
10/12/2014,2,19.4400729249819
10/12/2014,3,19.438805650313
10/12/2014,4,19.4375385460489
10/12/2014,5,19.4362716125634
10/12/2014,6,19.435004850252
10/12/2014,7,19.4337382594913
10/12/2014,8,19.4324718406633
10/12/2014,9,19.4312055941609
10/12/2014,10,19.4299395203552
10/12/2014,11,19.42867361965
10/12/2014,12,19.4274078924191
10/12/2014,13,19.4261423390471
10/12/2014,14,19.4248769599326
10/12/2014,15,19.4236117554465
10/12/2014,16,19.4223467259926
10/12/2014,17,19.4210818719503
10/12/2014,18,19.4198171937096
10/12/2014,19,19.4185526916581
10/12/2014,20,19.4172883661886
10/12/2014,21,19.4160242176858
10/12/2014,22,19.4147602465455
10/12/2014,23,19.4134964531577
10/12/2014,24,19.4122328379044
11/12/2014,1,19.4109694011922
11/12/2014,2,19.4097061434004
11/12/2014,3,19.4084430649273
11/12/2014,4,19.4071801661657
11/12/2014,5,19.405917447506
11/12/2014,6,19.4046549093464
11/12/2014,7,19.4033925520744
11/12/2014,8,19.4021303760937
11/12/2014,9,19.4008683817865
11/12/2014,10,19.3996065695619
11/12/2014,11,19.3983449398074
11/12/2014,12,19.3970834929187
11/12/2014,13,19.3958222292995
11/12/2014,14,19.3945611493373
11/12/2014,15,19.3933002534413
11/12/2014,16,19.3920395419964
11/12/2014,17,19.3907790154117
11/12/2014,18,19.3895186740801
11/12/2014,19,19.3882585184001
11/12/2014,20,19.3869985487809
11/12/2014,21,19.3857387656126
11/12/2014,22,19.3844791692909
11/12/2014,23,19.383219760236
11/12/2014,24,19.3819605388326
12/12/2014,1,19.3807015054899
12/12/2014,2,19.3794426606037
12/12/2014,3,19.3781840045858
12/12/2014,4,19.376925537832
12/12/2014,5,19.3756672607515
12/12/2014,6,19.3744091737399
12/12/2014,7,19.3731512772119
12/12/2014,8,19.371893571566
12/12/2014,9,19.3706360572087
12/12/2014,10,19.3693787345464
12/12/2014,11,19.3681216039831
12/12/2014,12,19.366864665928
12/12/2014,13,19.3656079207904
12/12/2014,14,19.3643513689685
12/12/2014,15,19.3630950108773
12/12/2014,16,19.3618388469285
12/12/2014,17,19.3605828775235
12/12/2014,18,19.3593271030713
12/12/2014,19,19.3580715239868
12/12/2014,20,19.3568161406765
12/12/2014,21,19.3555609535551
12/12/2014,22,19.3543059630265
12/12/2014,23,19.353051169508
12/12/2014,24,19.3517965734063
13/12/2014,1,19.3505421751361
13/12/2014,2,19.3492879751147
13/12/2014,3,19.3480339737462
13/12/2014,4,19.3467801714505
13/12/2014,5,19.3455265686371
13/12/2014,6,19.3442731657233
13/12/2014,7,19.3430199631239
13/12/2014,8,19.3417669612536
13/12/2014,9,19.3405141605272
13/12/2014,10,19.339261561362
13/12/2014,11,19.3380091641702
13/12/2014,12,19.3367569693719
13/12/2014,13,19.33550497739
13/12/2014,14,19.3342531886337
13/12/2014,15,19.3330016035234
13/12/2014,16,19.3317502224763
13/12/2014,17,19.330499045921
13/12/2014,18,19.3292480742639
13/12/2014,19,19.3279973079307
13/12/2014,20,19.3267467473415
13/12/2014,21,19.3254963929194
13/12/2014,22,19.3242462450844
13/12/2014,23,19.3229963042513
13/12/2014,24,19.321746570854
14/12/2014,1,19.3204970453044
14/12/2014,2,19.3192477280336
14/12/2014,3,19.3179986194564
14/12/2014,4,19.3167497200093
14/12/2014,5,19.3155010300989
14/12/2014,6,19.3142525501644
14/12/2014,7,19.313004280626
14/12/2014,8,19.3117562219095
14/12/2014,9,19.3105083744349
14/12/2014,10,19.3092607386388
14/12/2014,11,19.3080133149442
14/12/2014,12,19.3067661037767
14/12/2014,13,19.3055191055619
14/12/2014,14,19.3042723207282
14/12/2014,15,19.3030257497148
14/12/2014,16,19.3017793929312
14/12/2014,17,19.3005332508274
14/12/2014,18,19.2992873238154
14/12/2014,19,19.2980416123401
14/12/2014,20,19.2967961168242
14/12/2014,21,19.2955508376936
14/12/2014,22,19.2943057753928
14/12/2014,23,19.2930609303448
14/12/2014,24,19.2918163029835
15/12/2014,1,19.2905718937454
15/12/2014,2,19.2893277030562
15/12/2014,3,19.2880837313551
15/12/2014,4,19.2868399790759
15/12/2014,5,19.2855964466553
15/12/2014,6,19.2843531345216
15/12/2014,7,19.283110043114
15/12/2014,8,19.2818671728692
15/12/2014,9,19.2806245242236
15/12/2014,10,19.2793820976085
15/12/2014,11,19.2781398934685
15/12/2014,12,19.2768979122347
15/12/2014,13,19.2756561543492
15/12/2014,14,19.2744146202513
15/12/2014,15,19.2731733103747
15/12/2014,16,19.2719322251642
15/12/2014,17,19.2706913650536
15/12/2014,18,19.2694507304877
15/12/2014,19,19.2682103219058
15/12/2014,20,19.2669701397472
15/12/2014,21,19.2657301844565
15/12/2014,22,19.2644904564731
15/12/2014,23,19.2632509562391
15/12/2014,24,19.2620116841963
16/12/2014,1,19.2607726407896
16/12/2014,2,19.2595338264664
16/12/2014,3,19.258295241666
16/12/2014,4,19.2570568868277
16/12/2014,5,19.2558187624045
16/12/2014,6,19.254580868841
16/12/2014,7,19.2533432065793
16/12/2014,8,19.2521057760641
16/12/2014,9,19.2508685777511
16/12/2014,10,19.2496316120742
16/12/2014,11,19.2483948794943
16/12/2014,12,19.2471583804481
16/12/2014,13,19.2459221153913
16/12/2014,14,19.2446860847658
16/12/2014,15,19.2434502890274
16/12/2014,16,19.2422147286234
16/12/2014,17,19.2409794040013
16/12/2014,18,19.2397443156115
16/12/2014,19,19.2385094639094
16/12/2014,20,19.2372748493481
16/12/2014,21,19.236040472364
16/12/2014,22,19.2348063334266
16/12/2014,23,19.2335724329805
16/12/2014,24,19.2323387714787
17/12/2014,1,19.2311053493795
17/12/2014,2,19.2298721671277
17/12/2014,3,19.2286392251899
17/12/2014,4,19.2274065240053
17/12/2014,5,19.2261740640433
17/12/2014,6,19.2249418457568
17/12/2014,7,19.2237098695878
17/12/2014,8,19.2224781360137
17/12/2014,9,19.2212466454794
17/12/2014,10,19.2200153984404
17/12/2014,11,19.2187843953579
17/12/2014,12,19.2175536366958
17/12/2014,13,19.2163231229015
17/12/2014,14,19.2150928544388
17/12/2014,15,19.2138628317771
17/12/2014,16,19.2126330553529
17/12/2014,17,19.2114035256545
17/12/2014,18,19.2101742431187
17/12/2014,19,19.20894520822
17/12/2014,20,19.2077164214197
17/12/2014,21,19.2064878831734
17/12/2014,22,19.2052595939449
17/12/2014,23,19.2040315542035
17/12/2014,24,19.2028037644022
18/12/2014,1,19.2015762250185
18/12/2014,2,19.2003489365025
18/12/2014,3,19.1991218993262
18/12/2014,4,19.1978951139536
18/12/2014,5,19.1966685808511
18/12/2014,6,19.1954423004827
18/12/2014,7,19.1942162733121
18/12/2014,8,19.1929904998142
18/12/2014,9,19.1917649804473
18/12/2014,10,19.1905397156861
18/12/2014,11,19.1893147059918
18/12/2014,12,19.1880899518364
18/12/2014,13,19.186865453692
18/12/2014,14,19.1856412120251
18/12/2014,15,19.1844172272995
18/12/2014,16,19.1831934999982
18/12/2014,17,19.1819700305823
18/12/2014,18,19.1807468195211
18/12/2014,19,19.1795238672921
18/12/2014,20,19.1783011743646
18/12/2014,21,19.1770787412133
18/12/2014,22,19.1758565683103
18/12/2014,23,19.1746346561222
18/12/2014,24,19.1734130051318
19/12/2014,1,19.1721916158112
19/12/2014,2,19.1709704886271
19/12/2014,3,19.1697496240649
19/12/2014,4,19.1685290225914
19/12/2014,5,19.1673086846922
19/12/2014,6,19.1660886108311
19/12/2014,7,19.1648688014966
19/12/2014,8,19.1636492571524
19/12/2014,9,19.1624299782925
19/12/2014,10,19.1612109653834
19/12/2014,11,19.1599922189025
19/12/2014,12,19.1587737393356
19/12/2014,13,19.1575555271575
19/12/2014,14,19.1563375828509
19/12/2014,15,19.1551199068908
19/12/2014,16,19.1539024997601
19/12/2014,17,19.1526853619471
19/12/2014,18,19.1514684939157
19/12/2014,19,19.1502518961706
19/12/2014,20,19.1490355691703
19/12/2014,21,19.1478195134141
19/12/2014,22,19.1466037293794
19/12/2014,23,19.1453882175492
19/12/2014,24,19.1441729784146
20/12/2014,1,19.1429580124423
20/12/2014,2,19.1417433201341
20/12/2014,3,19.1405289019731
20/12/2014,4,19.139314758434
20/12/2014,5,19.1381008900162
20/12/2014,6,19.1368872972025
20/12/2014,7,19.1356739804678
20/12/2014,8,19.1344609403168
20/12/2014,9,19.133248177227
20/12/2014,10,19.1320356916922
20/12/2014,11,19.1308234841927
20/12/2014,12,19.1296115552277
20/12/2014,13,19.1283999052803
20/12/2014,14,19.1271885348442
20/12/2014,15,19.1259774444052
20/12/2014,16,19.124766634457
20/12/2014,17,19.1235561054937
20/12/2014,18,19.1223458580034
20/12/2014,19,19.1211358924693
20/12/2014,20,19.1199262094069
20/12/2014,21,19.1187168092856
20/12/2014,22,19.1175076926129
20/12/2014,23,19.1162988598771
20/12/2014,24,19.1150903115722
21/12/2014,1,19.1138820481974
21/12/2014,2,19.1126740702439
21/12/2014,3,19.1114663782055
21/12/2014,4,19.1102589725842
21/12/2014,5,19.1090518538686
21/12/2014,6,19.1078450225659
21/12/2014,7,19.106638479162
21/12/2014,8,19.1054322241589
21/12/2014,9,19.1042262580586
21/12/2014,10,19.1030205813577
21/12/2014,11,19.1018151945527
21/12/2014,12,19.1006100981404
21/12/2014,13,19.0994052926335
21/12/2014,14,19.0982007785124
21/12/2014,15,19.0969965563008
21/12/2014,16,19.0957926264791
21/12/2014,17,19.0945889895575
21/12/2014,18,19.0933856460379
21/12/2014,19,19.0921825964306
21/12/2014,20,19.0909798412213
21/12/2014,21,19.0897773809284
21/12/2014,22,19.0885752160484
21/12/2014,23,19.0873733470835
21/12/2014,24,19.0861717745411
22/12/2014,1,19.0849704989341
22/12/2014,2,19.0837695207592
22/12/2014,3,19.082568840513
22/12/2014,4,19.0813684587192
22/12/2014,5,19.08016837588
22/12/2014,6,19.0789685924974
22/12/2014,7,19.0777691090734
22/12/2014,8,19.0765699261428
22/12/2014,9,19.0753710441804
22/12/2014,10,19.0741724637155
22/12/2014,11,19.0729741852501
22/12/2014,12,19.0717762092972
22/12/2014,13,19.0705785363643
22/12/2014,14,19.0693811669644
22/12/2014,15,19.0681841016049
22/12/2014,16,19.0669873408042
22/12/2014,17,19.0657908850644
22/12/2014,18,19.0645947348985
22/12/2014,19,19.0633988908357
22/12/2014,20,19.0622033533728
22/12/2014,21,19.0610081230225
22/12/2014,22,19.0598132003088
22/12/2014,23,19.0586185857392
22/12/2014,24,19.057424279832
23/12/2014,1,19.0562302831004
23/12/2014,2,19.0550365960571
23/12/2014,3,19.0538432192316
23/12/2014,4,19.0526501531258
23/12/2014,5,19.0514573982582
23/12/2014,6,19.0502649551527
23/12/2014,7,19.0490728243221
23/12/2014,8,19.0478810062905
23/12/2014,9,19.0466895015707
23/12/2014,10,19.0454983106865
23/12/2014,11,19.0443074341456
23/12/2014,12,19.0431168724936
23/12/2014,13,19.041926626227
23/12/2014,14,19.0407366958698
23/12/2014,15,19.0395470819567
23/12/2014,16,19.0383577850007
23/12/2014,17,19.0371688055147
23/12/2014,18,19.0359801440391
23/12/2014,19,19.0347918010866
23/12/2014,20,19.0336037771813
23/12/2014,21,19.0324160728469
23/12/2014,22,19.0312286886128
23/12/2014,23,19.0300416250029
23/12/2014,24,19.0288548825301
24/12/2014,1,19.0276684617402
24/12/2014,2,19.0264823631351
24/12/2014,3,19.0252965872714
24/12/2014,4,19.0241111346513
24/12/2014,5,19.022926005804
24/12/2014,6,19.0217412012753
24/12/2014,7,19.020556721578
24/12/2014,8,19.0193725672361
24/12/2014,9,19.0181887388007
24/12/2014,10,19.0170052367739
24/12/2014,11,19.0158220617068
24/12/2014,12,19.0146392141178
24/12/2014,13,19.0134566945471
24/12/2014,14,19.0122745035187
24/12/2014,15,19.0110926415618
24/12/2014,16,19.0099111092168
24/12/2014,17,19.0087299070128
24/12/2014,18,19.0075490354793
24/12/2014,19,19.0063684951565
24/12/2014,20,19.0051882865737
24/12/2014,21,19.0040084102657
24/12/2014,22,19.0028288667563
24/12/2014,23,19.0016496566132
24/12/2014,24,19.0004707803273
25/12/2014,1,18.9992922384718
25/12/2014,2,18.9981140315595
25/12/2014,3,18.996936160147
25/12/2014,4,18.9957586247474
25/12/2014,5,18.9945814259227
25/12/2014,6,18.9934045641912
25/12/2014,7,18.9922280401097
25/12/2014,8,18.9910518541965
25/12/2014,9,18.9898760070137
25/12/2014,10,18.9887004990796
25/12/2014,11,18.9875253309456
25/12/2014,12,18.9863505031572
25/12/2014,13,18.9851760162437
25/12/2014,14,18.9840018707564
25/12/2014,15,18.9828280672245
25/12/2014,16,18.9816546062102
25/12/2014,17,18.9804814882318
25/12/2014,18,18.9793087138569
25/12/2014,19,18.9781362836147
25/12/2014,20,18.9769641980511
25/12/2014,21,18.975792457717
25/12/2014,22,18.974621063142
25/12/2014,23,18.9734500148879
25/12/2014,24,18.9722793134952
26/12/2014,1,18.9711089595148
26/12/2014,2,18.9699389534762
26/12/2014,3,18.9687692959415
26/12/2014,4,18.9675999874617
26/12/2014,5,18.9664310285716
26/12/2014,6,18.9652624198279
26/12/2014,7,18.9640941617763
26/12/2014,8,18.9629262549734
26/12/2014,9,18.9617586999593
26/12/2014,10,18.9605914972799
26/12/2014,11,18.9594246475026
26/12/2014,12,18.9582581511622
26/12/2014,13,18.9570920088263
26/12/2014,14,18.9559262210296
26/12/2014,15,18.9547607883396
26/12/2014,16,18.9535957112912
26/12/2014,17,18.9524309904573
26/12/2014,18,18.9512666263781
26/12/2014,19,18.9501026196103
26/12/2014,20,18.9489389707105
26/12/2014,21,18.9477756802353
26/12/2014,22,18.9466127487358
26/12/2014,23,18.9454501767686
26/12/2014,24,18.944287964885
27/12/2014,1,18.9431261136579
27/12/2014,2,18.941964623622
27/12/2014,3,18.9408034953558
27/12/2014,4,18.939642729405
27/12/2014,5,18.9384823263263
27/12/2014,6,18.9373222866816
27/12/2014,7,18.9361626110385
27/12/2014,8,18.9350032999373
27/12/2014,9,18.9338443539618
27/12/2014,10,18.9326857736469
27/12/2014,11,18.9315275595818
27/12/2014,12,18.9303697123014
27/12/2014,13,18.9292122323841
27/12/2014,14,18.928055120381
27/12/2014,15,18.9268983768652
27/12/2014,16,18.9257420023932
27/12/2014,17,18.9245859975326
27/12/2014,18,18.92343036284
27/12/2014,19,18.9222750988829
27/12/2014,20,18.9211202062343
27/12/2014,21,18.9199656854507
27/12/2014,22,18.9188115370944
27/12/2014,23,18.9176577617436
27/12/2014,24,18.9165043599551
28/12/2014,1,18.9153513322908
28/12/2014,2,18.9141986793347
28/12/2014,3,18.9130464016489
28/12/2014,4,18.9118944997845
28/12/2014,5,18.9107429743362
28/12/2014,6,18.9095918258445
28/12/2014,7,18.9084410549094
28/12/2014,8,18.9072906620877
28/12/2014,9,18.9061406479359
28/12/2014,10,18.9049910130434
28/12/2014,11,18.9038417579777
28/12/2014,12,18.9026928833009
28/12/2014,13,18.9015443895969
28/12/2014,14,18.9003962774332
28/12/2014,15,18.8992485473773
28/12/2014,16,18.8981012000077
28/12/2014,17,18.8969542359027
28/12/2014,18,18.8958076556355
28/12/2014,19,18.8946614597626
28/12/2014,20,18.8935156488897
28/12/2014,21,18.8923702235679
28/12/2014,22,18.8912251843813
28/12/2014,23,18.8900805319081
28/12/2014,24,18.8889362667214
29/12/2014,1,18.8877923893997
29/12/2014,2,18.8866489005213
29/12/2014,3,18.8855058006648
29/12/2014,4,18.8843630904084
29/12/2014,5,18.8832207703308
29/12/2014,6,18.8820788410103
29/12/2014,7,18.8809373030253
29/12/2014,8,18.8797961569599
29/12/2014,9,18.8786554033923
29/12/2014,10,18.8775150429065
29/12/2014,11,18.8763750760754
29/12/2014,12,18.875235503494
29/12/2014,13,18.8740963257351
29/12/2014,14,18.8729575433827
29/12/2014,15,18.8718191570206
29/12/2014,16,18.8706811672328
29/12/2014,17,18.8695435746085
29/12/2014,18,18.8684063797264
29/12/2014,19,18.8672695831701
29/12/2014,20,18.8661331855237
29/12/2014,21,18.8649971873874
29/12/2014,22,18.8638615893233
29/12/2014,23,18.862726391937
29/12/2014,24,18.861591595818
30/12/2014,1,18.8604572015283
30/12/2014,2,18.85932320969
30/12/2014,3,18.8581896208652
30/12/2014,4,18.8570564356542
30/12/2014,5,18.8559236546516
30/12/2014,6,18.8547912784197
30/12/2014,7,18.8536593075914
30/12/2014,8,18.8525277427234
30/12/2014,9,18.8513965844159
30/12/2014,10,18.8502658332636
30/12/2014,11,18.8491354898561
30/12/2014,12,18.848005554788
30/12/2014,13,18.8468760286542
30/12/2014,14,18.8457469120331
30/12/2014,15,18.8446182055304
30/12/2014,16,18.8434899097465
30/12/2014,17,18.8423620252652
30/12/2014,18,18.8412345526758
30/12/2014,19,18.8401074925951
30/12/2014,20,18.8389808455904
30/12/2014,21,18.837854612284
30/12/2014,22,18.8367287932542
30/12/2014,23,18.8356033891014
30/12/2014,24,18.8344784004421
31/12/2014,1,18.8333538278384
31/12/2014,2,18.8322296719234
31/12/2014,3,18.8311059332755
31/12/2014,4,18.8299826124949
31/12/2014,5,18.8288597101928
31/12/2014,6,18.8277372269531
31/12/2014,7,18.8266151633925
31/12/2014,8,18.8254935201003
31/12/2014,9,18.8243722976822
31/12/2014,10,18.823251496744
31/12/2014,11,18.822131117875
31/12/2014,12,18.8210111616918
31/12/2014,13,18.8198916287838
31/12/2014,14,18.8187725197677
31/12/2014,15,18.8176538352436
31/12/2014,16,18.8165355758065
31/12/2014,17,18.8154177420729
31/12/2014,18,18.8143003346431
31/12/2014,19,18.8131833541229
31/12/2014,20,18.8120668011179
31/12/2014,21,18.8109506762339
31/12/2014,22,18.8098349800821
31/12/2014,23,18.8087197132572
31/12/2014,24,18.8076048763869
01/01/2015,1,18.8064904700659
01/01/2015,2,18.8053764949
01/01/2015,3,18.8042629515003
01/01/2015,4,18.8031498404944
01/01/2015,5,18.8020371624661
01/01/2015,6,18.8009249180377
01/01/2015,7,18.7998131078202
01/01/2015,8,18.7987017324249
01/01/2015,9,18.7975907924629
01/01/2015,10,18.7964802885399
01/01/2015,11,18.7953702212781
01/01/2015,12,18.7942605912831
01/01/2015,13,18.7931513991662
01/01/2015,14,18.7920426455548
01/01/2015,15,18.7909343310548
01/01/2015,16,18.7898264562718
01/01/2015,17,18.7887190218335
01/01/2015,18,18.7876120283509
01/01/2015,19,18.7865054764461
01/01/2015,20,18.785399366714
01/01/2015,21,18.7842936997986
01/01/2015,22,18.7831884763
01/01/2015,23,18.7820836968458
01/01/2015,24,18.7809793620418
02/01/2015,1,18.7798754725154
02/01/2015,2,18.7787720288834
02/01/2015,3,18.7776690317733
02/01/2015,4,18.7765664817853
02/01/2015,5,18.7754643795579
02/01/2015,6,18.7743627257078
02/01/2015,7,18.7732615208406
02/01/2015,8,18.7721607656003
02/01/2015,9,18.7710604605982
02/01/2015,10,18.7699606064507
02/01/2015,11,18.7688612037964
02/01/2015,12,18.7677622532465
02/01/2015,13,18.766663755423
02/01/2015,14,18.7655657109481
02/01/2015,15,18.7644681204656
02/01/2015,16,18.7633709845868
02/01/2015,17,18.7622743039228
02/01/2015,18,18.7611780791285
02/01/2015,19,18.7600823108041
02/01/2015,20,18.7589869995991
02/01/2015,21,18.7578921461136
02/01/2015,22,18.7567977510025
02/01/2015,23,18.755703814888
02/01/2015,24,18.7546103383702
03/01/2015,1,18.7535173221149
03/01/2015,2,18.7524247667334
03/01/2015,3,18.7513326728531
03/01/2015,4,18.7502410411125
03/01/2015,5,18.7491498721447
03/01/2015,6,18.7480591665608
03/01/2015,7,18.7469689250211
03/01/2015,8,18.7458791481258
03/01/2015,9,18.7447898365353
03/01/2015,10,18.7437009908663
03/01/2015,11,18.7426126117516
03/01/2015,12,18.7415246998353
03/01/2015,13,18.7404372557394
03/01/2015,14,18.7393502801078
03/01/2015,15,18.7382637735682
03/01/2015,16,18.7371777367644
03/01/2015,17,18.736092170313
03/01/2015,18,18.7350070748744
03/01/2015,19,18.7339224510706
03/01/2015,20,18.7328382995456
03/01/2015,21,18.7317546209324
03/01/2015,22,18.730671415864
03/01/2015,23,18.7295886849843
03/01/2015,24,18.7285064289372
04/01/2015,1,18.7274246483503
04/01/2015,2,18.7263433438729
04/01/2015,3,18.7252625161436
04/01/2015,4,18.7241821658008
04/01/2015,5,18.7231022934775
04/01/2015,6,18.7220228998231
04/01/2015,7,18.7209439854869
04/01/2015,8,18.7198655510911
04/01/2015,9,18.7187875972959
04/01/2015,10,18.7177101247398
04/01/2015,11,18.7166331340613
04/01/2015,12,18.7155566259044
04/01/2015,13,18.7144806009183
04/01/2015,14,18.7134050597524
04/01/2015,15,18.7123300030289
04/01/2015,16,18.711255431419
04/01/2015,17,18.7101813455611
04/01/2015,18,18.7091077460991
04/01/2015,19,18.7080346336716
04/01/2015,20,18.7069620089442
04/01/2015,21,18.7058898725445
04/01/2015,22,18.7048182251383
04/01/2015,23,18.703747067364
04/01/2015,24,18.7026763998765
05/01/2015,1,18.7016062233197
05/01/2015,2,18.7005365383429
05/01/2015,3,18.6994673455956
05/01/2015,4,18.6983986457381
05/01/2015,5,18.6973304394141
05/01/2015,6,18.6962627272787
05/01/2015,7,18.6951955099757
05/01/2015,8,18.6941287881655
05/01/2015,9,18.6930625625027
05/01/2015,10,18.691996833626
05/01/2015,11,18.6909316022065
05/01/2015,12,18.6898668688937
05/01/2015,13,18.6888026343368
05/01/2015,14,18.6877388991907
05/01/2015,15,18.6866756641211
05/01/2015,16,18.6856129297666
05/01/2015,17,18.6845506968039
05/01/2015,18,18.6834889658712
05/01/2015,19,18.6824277376345
05/01/2015,20,18.681367012754
05/01/2015,21,18.6803067918845
05/01/2015,22,18.6792470756754
05/01/2015,23,18.6781878648089
05/01/2015,24,18.677129159918
06/01/2015,1,18.6760709616792
06/01/2015,2,18.6750132707366
06/01/2015,3,18.6739560877777
06/01/2015,4,18.672899413441
06/01/2015,5,18.6718432483922
06/01/2015,6,18.6707875932916
06/01/2015,7,18.6697324488105
06/01/2015,8,18.668677815609
06/01/2015,9,18.6676236943367
06/01/2015,10,18.6665700856811
06/01/2015,11,18.6655169902861
06/01/2015,12,18.6644644088174
06/01/2015,13,18.6634123419572
06/01/2015,14,18.6623607903493
06/01/2015,15,18.6613097546706
06/01/2015,16,18.6602592355921
06/01/2015,17,18.6592092337687
06/01/2015,18,18.6581597498716
06/01/2015,19,18.6571107845721
06/01/2015,20,18.6560623385303
06/01/2015,21,18.6550144124285
06/01/2015,22,18.6539670069214
06/01/2015,23,18.6529201226858
06/01/2015,24,18.6518737603819
07/01/2015,1,18.6508279206919
07/01/2015,2,18.6497826042814
07/01/2015,3,18.6487378118163
07/01/2015,4,18.6476935439732
07/01/2015,5,18.6466498014288
07/01/2015,6,18.6456065848433
07/01/2015,7,18.644563894899
07/01/2015,8,18.6435217322614
07/01/2015,9,18.6424800976074
07/01/2015,10,18.6414389916135
07/01/2015,11,18.6403984149565
07/01/2015,12,18.6393583683021
07/01/2015,13,18.6383188523268
07/01/2015,14,18.637279867713
07/01/2015,15,18.6362414151317
07/01/2015,16,18.6352034952597
07/01/2015,17,18.6341661087736
07/01/2015,18,18.6331292563609
07/01/2015,19,18.6320929386766
07/01/2015,20,18.6310571564245
07/01/2015,21,18.630021910265
07/01/2015,22,18.6289872008801
07/01/2015,23,18.627953028963
07/01/2015,24,18.6269193951739
08/01/2015,1,18.6258863002113
08/01/2015,2,18.6248537447409
08/01/2015,3,18.6238217294449
08/01/2015,4,18.6227902550218
08/01/2015,5,18.6217593221372
08/01/2015,6,18.6207289314734
08/01/2015,7,18.6196990837234
08/01/2015,8,18.6186697795638
08/01/2015,9,18.6176410196822
08/01/2015,10,18.6166128047607
08/01/2015,11,18.6155851354761
08/01/2015,12,18.6145580125321
08/01/2015,13,18.6135314365947
08/01/2015,14,18.6125054083568
08/01/2015,15,18.6114799285169
08/01/2015,16,18.6104549977463
08/01/2015,17,18.6094306167324
08/01/2015,18,18.6084067861684
08/01/2015,19,18.6073835067473
08/01/2015,20,18.6063607791402
08/01/2015,21,18.6053386040621
08/01/2015,22,18.6043169821842
08/01/2015,23,18.6032959141885
08/01/2015,24,18.6022754007899
09/01/2015,1,18.6012554426597
09/01/2015,2,18.6002360404909
09/01/2015,3,18.5992171949929
09/01/2015,4,18.5981989068259
09/01/2015,5,18.5971811767104
09/01/2015,6,18.5961640053283
09/01/2015,7,18.5951473933728
09/01/2015,8,18.5941313415369
09/01/2015,9,18.5931158505191
09/01/2015,10,18.5921009210069
09/01/2015,11,18.5910865536989
09/01/2015,12,18.5900727492935
09/01/2015,13,18.5890595084838
09/01/2015,14,18.5880468319629
09/01/2015,15,18.5870347204345
09/01/2015,16,18.5860231745864
09/01/2015,17,18.585012195128
09/01/2015,18,18.5840017827468
09/01/2015,19,18.5829919381413
09/01/2015,20,18.5819826620209
09/01/2015,21,18.5809739550732
09/01/2015,22,18.5799658180076
09/01/2015,23,18.5789582515117
09/01/2015,24,18.5779512563004
10/01/2015,1,18.5769448330611
10/01/2015,2,18.5759389825089
10/01/2015,3,18.5749337053312
10/01/2015,4,18.5739290022484
10/01/2015,5,18.5729248739426
10/01/2015,6,18.5719213211287
10/01/2015,7,18.5709183445106
10/01/2015,8,18.5699159447868
10/01/2015,9,18.5689141226667
10/01/2015,10,18.5679128788543
10/01/2015,11,18.5669122140534
10/01/2015,12,18.5659121289627
10/01/2015,13,18.5649126243079
10/01/2015,14,18.5639137007765
10/01/2015,15,18.5629153590835
10/01/2015,16,18.5619175999327
10/01/2015,17,18.5609204240391
10/01/2015,18,18.5599238320956
10/01/2015,19,18.5589278248335
10/01/2015,20,18.5579324029459
10/01/2015,21,18.5569375671475
10/01/2015,22,18.5559433181479
10/01/2015,23,18.5549496566455
10/01/2015,24,18.5539565833715
11/01/2015,1,18.5529640990353
11/01/2015,2,18.5519722043246
11/01/2015,3,18.5509808999814
11/01/2015,4,18.5499901866988
11/01/2015,5,18.5490000651971
11/01/2015,6,18.5480105361912
11/01/2015,7,18.5470216003905
11/01/2015,8,18.5460332585153
11/01/2015,9,18.5450455112641
11/01/2015,10,18.5440583593791
11/01/2015,11,18.5430718035532
11/01/2015,12,18.5420858445068
11/01/2015,13,18.5411004829657
11/01/2015,14,18.5401157196393
11/01/2015,15,18.5391315552479
11/01/2015,16,18.5381479905009
11/01/2015,17,18.5371650261295
11/01/2015,18,18.5361826628432
11/01/2015,19,18.5352009013623
11/01/2015,20,18.5342197424179
11/01/2015,21,18.5332391867032
11/01/2015,22,18.5322592349658
11/01/2015,23,18.5312798879149
11/01/2015,24,18.5303011462656
12/01/2015,1,18.5293230107545
12/01/2015,2,18.528345482091
12/01/2015,3,18.5273685610064
12/01/2015,4,18.52639224821
12/01/2015,5,18.5254165444385
12/01/2015,6,18.5244414504123
12/01/2015,7,18.5234669668571
12/01/2015,8,18.5224930944933
12/01/2015,9,18.5215198340411
12/01/2015,10,18.5205471862428
12/01/2015,11,18.5195751518022
12/01/2015,12,18.518603731467
12/01/2015,13,18.5176329259466
12/01/2015,14,18.5166627359831
12/01/2015,15,18.5156931622914
12/01/2015,16,18.5147242056082
12/01/2015,17,18.5137558666593
12/01/2015,18,18.5127881461649
12/01/2015,19,18.5118210448727
12/01/2015,20,18.510854563503
12/01/2015,21,18.5098887027707
12/01/2015,22,18.5089234634343
12/01/2015,23,18.5079588462031
12/01/2015,24,18.5069948518249
13/01/2015,1,18.5060314810144
13/01/2015,2,18.5050687345247
13/01/2015,3,18.5041066130598
13/01/2015,4,18.5031451173836
13/01/2015,5,18.5021842482165
13/01/2015,6,18.5012240062842
13/01/2015,7,18.5002643923344
13/01/2015,8,18.4993054070983
13/01/2015,9,18.4983470513016
13/01/2015,10,18.4973893256974
13/01/2015,11,18.4964322310061
13/01/2015,12,18.4954757679698
13/01/2015,13,18.494519937336
13/01/2015,14,18.4935647398252
13/01/2015,15,18.4926101761794
13/01/2015,16,18.4916562471462
13/01/2015,17,18.4907029534625
13/01/2015,18,18.4897502958593
13/01/2015,19,18.4887982750734
13/01/2015,20,18.4878468918632
13/01/2015,21,18.4868961469492
13/01/2015,22,18.4859460410898
13/01/2015,23,18.4849965750109
13/01/2015,24,18.4840477494654
14/01/2015,1,18.4830995651846
14/01/2015,2,18.482152022927
14/01/2015,3,18.4812051234185
14/01/2015,4,18.4802588674174
14/01/2015,5,18.4793132556551
14/01/2015,6,18.4783682888738
14/01/2015,7,18.4774239678482
14/01/2015,8,18.4764802932823
14/01/2015,9,18.4755372659456
14/01/2015,10,18.4745948865857
14/01/2015,11,18.4736531559338
14/01/2015,12,18.4727120747539
14/01/2015,13,18.4717716437772
14/01/2015,14,18.4708318637677
14/01/2015,15,18.4698927354621
14/01/2015,16,18.4689542596079
14/01/2015,17,18.4680164369693
14/01/2015,18,18.4670792682773
14/01/2015,19,18.4661427542851
14/01/2015,20,18.4652068957621
14/01/2015,21,18.4642716934286
14/01/2015,22,18.4633371480704
14/01/2015,23,18.4624032604024
14/01/2015,24,18.4614700312104
15/01/2015,1,18.4605374612202
15/01/2015,2,18.4596055512066
15/01/2015,3,18.4586743019008
15/01/2015,4,18.4577437140724
15/01/2015,5,18.4568137884798
15/01/2015,6,18.4558845258653
15/01/2015,7,18.4549559269872
15/01/2015,8,18.4540279925986
15/01/2015,9,18.4531007234582
15/01/2015,10,18.4521741203353
15/01/2015,11,18.4512481839556
15/01/2015,12,18.450322915116
15/01/2015,13,18.4493983145367
15/01/2015,14,18.4484743830035
15/01/2015,15,18.4475511212586
15/01/2015,16,18.4466285300659
15/01/2015,17,18.4457066101895
15/01/2015,18,18.4447853623769
15/01/2015,19,18.4438647874085
15/01/2015,20,18.4429448860265
15/01/2015,21,18.4420256589947
15/01/2015,22,18.4411071070881
15/01/2015,23,18.4401892310489
15/01/2015,24,18.4392720316573
16/01/2015,1,18.4383555096665
16/01/2015,2,18.4374396658404
16/01/2015,3,18.4365245009431
16/01/2015,4,18.4356100157383
16/01/2015,5,18.4346962110012
16/01/2015,6,18.4337830874792
16/01/2015,7,18.4328706459473
16/01/2015,8,18.4319588871749
16/01/2015,9,18.4310478119151
16/01/2015,10,18.4301374209481
16/01/2015,11,18.429227715038
16/01/2015,12,18.4283186949488
16/01/2015,13,18.4274103614498
16/01/2015,14,18.4265027153106
16/01/2015,15,18.4255957572896
16/01/2015,16,18.424689488178
16/01/2015,17,18.4237839087345
16/01/2015,18,18.4228790197176
16/01/2015,19,18.4219748219075
16/01/2015,20,18.4210713160901
16/01/2015,21,18.4201685030075
16/01/2015,22,18.4192663834565
16/01/2015,23,18.4183649581955
16/01/2015,24,18.4174642279995
17/01/2015,1,18.4165641936434
17/01/2015,2,18.4156648559074
17/01/2015,3,18.4147662155556
17/01/2015,4,18.4138682733628
17/01/2015,5,18.4129710301095
17/01/2015,6,18.412074486565
17/01/2015,7,18.4111786435151
17/01/2015,8,18.4102835017238
17/01/2015,9,18.4093890619715
17/01/2015,10,18.4084953250494
17/01/2015,11,18.4076022917052
17/01/2015,12,18.4067099627409
17/01/2015,13,18.405818338937
17/01/2015,14,18.4049274210465
17/01/2015,15,18.4040372098825
17/01/2015,16,18.4031477061872
17/01/2015,17,18.402258910779
17/01/2015,18,18.4013708244165
17/01/2015,19,18.4004834478801
17/01/2015,20,18.3995967819501
17/01/2015,21,18.3987108274287
17/01/2015,22,18.3978255850689
17/01/2015,23,18.3969410556729
17/01/2015,24,18.3960572400156
18/01/2015,1,18.3951741388828
18/01/2015,2,18.3942917530603
18/01/2015,3,18.3934100833394
18/01/2015,4,18.3925291304786
18/01/2015,5,18.3916488952909
18/01/2015,6,18.3907693785513
18/01/2015,7,18.3898905810402
18/01/2015,8,18.3890125035596
18/01/2015,9,18.3881351468845
18/01/2015,10,18.3872585117952
18/01/2015,11,18.3863825990993
18/01/2015,12,18.3855074095718
18/01/2015,13,18.3846329440039
18/01/2015,14,18.3837592031814
18/01/2015,15,18.382886187901
18/01/2015,16,18.3820138989486
18/01/2015,17,18.3811423371099
18/01/2015,18,18.380271503187
18/01/2015,19,18.3794013979605
18/01/2015,20,18.3785320222269
18/01/2015,21,18.3776633767829
18/01/2015,22,18.3767954624091
18/01/2015,23,18.3759282799074
18/01/2015,24,18.3750618300692
19/01/2015,1,18.3741961136911
19/01/2015,2,18.3733311315482
19/01/2015,3,18.3724668844752
19/01/2015,4,18.3716033732253
19/01/2015,5,18.370740598617
19/01/2015,6,18.3698785614415
19/01/2015,7,18.3690172624902
19/01/2015,8,18.3681567025706
19/01/2015,9,18.367296882474
19/01/2015,10,18.3664378029862
19/01/2015,11,18.3655794649312
19/01/2015,12,18.3647218690894
19/01/2015,13,18.363865016252
19/01/2015,14,18.3630089072431
19/01/2015,15,18.3621535428429
19/01/2015,16,18.3612989238645
19/01/2015,17,18.3604450510884
19/01/2015,18,18.3595919253439
19/01/2015,19,18.3587395474115
19/01/2015,20,18.3578879180986
19/01/2015,21,18.3570370382076
19/01/2015,22,18.3561869085461
19/01/2015,23,18.3553375299107
19/01/2015,24,18.3544889031091
20/01/2015,1,18.3536410289435
20/01/2015,2,18.3527939082105
20/01/2015,3,18.3519475417397
20/01/2015,4,18.3511019303114
20/01/2015,5,18.3502570747442
20/01/2015,6,18.3494129758346
20/01/2015,7,18.348569634396
20/01/2015,8,18.3477270512358
20/01/2015,9,18.3468852271671
20/01/2015,10,18.3460441629868
20/01/2015,11,18.3452038595024
20/01/2015,12,18.3443643175324
20/01/2015,13,18.3435255378845
20/01/2015,14,18.3426875213609
20/01/2015,15,18.3418502687746
20/01/2015,16,18.3410137809497
20/01/2015,17,18.3401780586719
20/01/2015,18,18.3393431027653
20/01/2015,19,18.3385089140593
20/01/2015,20,18.3376754933342
20/01/2015,21,18.3368428414196
20/01/2015,22,18.336010959134
20/01/2015,23,18.3351798472795
20/01/2015,24,18.3343495066692
21/01/2015,1,18.3335199381327
21/01/2015,2,18.332691142472
21/01/2015,3,18.3318631205002
21/01/2015,4,18.3310358730359
21/01/2015,5,18.3302094009141
21/01/2015,6,18.329383704915
21/01/2015,7,18.3285587858845
21/01/2015,8,18.3277346446357
21/01/2015,9,18.3269112819762
21/01/2015,10,18.3260886987246
21/01/2015,11,18.3252668957102
21/01/2015,12,18.3244458737518
21/01/2015,13,18.3236256336459
21/01/2015,14,18.3228061762547
21/01/2015,15,18.3219875023533
21/01/2015,16,18.3211696127983
21/01/2015,17,18.3203525083864
21/01/2015,18,18.3195361899525
21/01/2015,19,18.3187206583152
21/01/2015,20,18.3179059142985
21/01/2015,21,18.3170919587265
21/01/2015,22,18.316278792412
21/01/2015,23,18.3154664161957
21/01/2015,24,18.3146548308905
22/01/2015,1,18.3138440373259
22/01/2015,2,18.313034036315
22/01/2015,3,18.3122248287091
22/01/2015,4,18.3114164153048
22/01/2015,5,18.3106087969536
22/01/2015,6,18.309801974463
22/01/2015,7,18.3089959486788
22/01/2015,8,18.3081907204032
22/01/2015,9,18.3073862904876
22/01/2015,10,18.3065826597613
22/01/2015,11,18.305779829032
22/01/2015,12,18.30497779914
22/01/2015,13,18.3041765709258
22/01/2015,14,18.3033761452189
22/01/2015,15,18.3025765228213
22/01/2015,16,18.3017777045952
22/01/2015,17,18.3009796913648
22/01/2015,18,18.3001824839484
22/01/2015,19,18.2993860832084
22/01/2015,20,18.298590489936
22/01/2015,21,18.2977957050043
22/01/2015,22,18.2970017292264
22/01/2015,23,18.2962085634317
22/01/2015,24,18.2954162084716
23/01/2015,1,18.2946246651645
23/01/2015,2,18.2938339343618
23/01/2015,3,18.293044016893
23/01/2015,4,18.2922549135874
23/01/2015,5,18.2914666252855
23/01/2015,6,18.2906791528385
23/01/2015,7,18.2898924970541
23/01/2015,8,18.2891066588054
23/01/2015,9,18.2883216388946
23/01/2015,10,18.2875374382002
23/01/2015,11,18.2867540575298
23/01/2015,12,18.2859714977349
23/01/2015,13,18.2851897596556
23/01/2015,14,18.2844088441325
23/01/2015,15,18.2836287520113
23/01/2015,16,18.2828494841215
23/01/2015,17,18.2820710413089
23/01/2015,18,18.2812934244248
23/01/2015,19,18.2805166343041
23/01/2015,20,18.2797406717982
23/01/2015,21,18.2789655377364
23/01/2015,22,18.2781912329756
23/01/2015,23,18.2774177583506
23/01/2015,24,18.2766451147236
24/01/2015,1,18.2758733029132
24/01/2015,2,18.2751023237761
24/01/2015,3,18.27433217818
24/01/2015,4,18.2735628669434
24/01/2015,5,18.2727943909285
24/01/2015,6,18.2720267509649
24/01/2015,7,18.271259947931
24/01/2015,8,18.2704939826508
24/01/2015,9,18.2697288559757
24/01/2015,10,18.2689645687569
24/01/2015,11,18.2682011218567
24/01/2015,12,18.2674385161099
24/01/2015,13,18.2666767523733
24/01/2015,14,18.2659158314927
24/01/2015,15,18.265155754325
24/01/2015,16,18.2643965217212
24/01/2015,17,18.2636381345328
24/01/2015,18,18.2628805936165
24/01/2015,19,18.2621238998072
24/01/2015,20,18.2613680539889
24/01/2015,21,18.2606130569911
24/01/2015,22,18.2598589096706
24/01/2015,23,18.2591056129004
24/01/2015,24,18.2583531675209
25/01/2015,1,18.257601574378
25/01/2015,2,18.2568508343502
25/01/2015,3,18.2561009482833
25/01/2015,4,18.2553519170287
25/01/2015,5,18.2546037414486
25/01/2015,6,18.253856422416
25/01/2015,7,18.253109960755
25/01/2015,8,18.2523643573659
25/01/2015,9,18.2516196130728
25/01/2015,10,18.2508757287433
25/01/2015,11,18.2501327052505
25/01/2015,12,18.2493905434512
25/01/2015,13,18.2486492441967
25/01/2015,14,18.2479088083546
25/01/2015,15,18.2471692367872
25/01/2015,16,18.2464305303511
25/01/2015,17,18.2456926899085
25/01/2015,18,18.2449557163436
25/01/2015,19,18.2442196104857
25/01/2015,20,18.2434843732244
25/01/2015,21,18.2427500054164
25/01/2015,22,18.2420165079129
25/01/2015,23,18.241283881609
25/01/2015,24,18.240552127334
26/01/2015,1,18.2398212459939
26/01/2015,2,18.239091238418
26/01/2015,3,18.238362105496
26/01/2015,4,18.2376338480844
26/01/2015,5,18.2369064670511
26/01/2015,6,18.2361799632799
26/01/2015,7,18.2354543376168
26/01/2015,8,18.2347295909458
26/01/2015,9,18.234005724129
26/01/2015,10,18.2332827380396
26/01/2015,11,18.2325606335507
26/01/2015,12,18.2318394115246
26/01/2015,13,18.2311190728396
26/01/2015,14,18.2303996183637
26/01/2015,15,18.2296810489806
26/01/2015,16,18.2289633655364
26/01/2015,17,18.2282465689259
26/01/2015,18,18.2275306600277
26/01/2015,19,18.2268156396822
26/01/2015,20,18.2261015088061
26/01/2015,21,18.2253882682398
26/01/2015,22,18.2246759188838
26/01/2015,23,18.2239644615893
26/01/2015,24,18.2232538972621
27/01/2015,1,18.2225442267372
27/01/2015,2,18.2218354509369
27/01/2015,3,18.2211275707068
27/01/2015,4,18.2204205869257
27/01/2015,5,18.2197145005048
27/01/2015,6,18.2190093122736
27/01/2015,7,18.2183050231488
27/01/2015,8,18.2176016339872
27/01/2015,9,18.2168991456892
27/01/2015,10,18.2161975591171
27/01/2015,11,18.2154968751547
27/01/2015,12,18.2147970946917
27/01/2015,13,18.2140982186011
27/01/2015,14,18.2134002477669
27/01/2015,15,18.2127031830732
27/01/2015,16,18.2120070254041
27/01/2015,17,18.211311775638
27/01/2015,18,18.2106174346591
27/01/2015,19,18.2099240033567
27/01/2015,20,18.209231482615
27/01/2015,21,18.208539873307
27/01/2015,22,18.2078491763332
27/01/2015,23,18.2071593925612
27/01/2015,24,18.2064705229132
28/01/2015,1,18.2057825682296
28/01/2015,2,18.2050955294271
28/01/2015,3,18.2044094073844
28/01/2015,4,18.203724202991
28/01/2015,5,18.2030399171363
28/01/2015,6,18.2023565507043
28/01/2015,7,18.20167410459
28/01/2015,8,18.2009925796774
28/01/2015,9,18.2003119768669
28/01/2015,10,18.1996322970263
28/01/2015,11,18.1989535410776
28/01/2015,12,18.1982757098885
28/01/2015,13,18.1975988043541
28/01/2015,14,18.1969228253856
28/01/2015,15,18.1962477738507
28/01/2015,16,18.1955736506552
28/01/2015,17,18.1949004566886
28/01/2015,18,18.1942281928459
28/01/2015,19,18.1935568600275
28/01/2015,20,18.1928864591173
28/01/2015,21,18.1922169910213
28/01/2015,22,18.1915484566234
28/01/2015,23,18.1908808568296
28/01/2015,24,18.1902141925348
29/01/2015,1,18.1895484646284
29/01/2015,2,18.1888836740163
29/01/2015,3,18.1882198215935
29/01/2015,4,18.1875569082658
29/01/2015,5,18.1868949349064
29/01/2015,6,18.1862339024428
29/01/2015,7,18.1855738117647
29/01/2015,8,18.1849146637724
29/01/2015,9,18.1842564593608
29/01/2015,10,18.1835991994358
29/01/2015,11,18.1829428848978
29/01/2015,12,18.1822875166472
29/01/2015,13,18.1816330955899
29/01/2015,14,18.1809796226262
29/01/2015,15,18.1803270986566
29/01/2015,16,18.1796755245869
29/01/2015,17,18.1790249013175
29/01/2015,18,18.1783752297597
29/01/2015,19,18.177726510814
29/01/2015,20,18.1770787453806
29/01/2015,21,18.1764319343765
29/01/2015,22,18.175786078702
29/01/2015,23,18.1751411792575
29/01/2015,24,18.1744972369543
30/01/2015,1,18.1738542527037
30/01/2015,2,18.1732122274116
30/01/2015,3,18.1725711619838
30/01/2015,4,18.1719310573208
30/01/2015,5,18.1712919143556
30/01/2015,6,18.1706537339669
30/01/2015,7,18.1700165170878
30/01/2015,8,18.1693802646241
30/01/2015,9,18.1687449774709
30/01/2015,10,18.1681106565611
30/01/2015,11,18.1674773028008
30/01/2015,12,18.1668449170847
30/01/2015,13,18.1662135003517
30/01/2015,14,18.165583053491
30/01/2015,15,18.1649535774304
30/01/2015,16,18.1643250730758
30/01/2015,17,18.1636975413494
30/01/2015,18,18.1630709831625
30/01/2015,19,18.1624453994209
30/01/2015,20,18.1618207910524
30/01/2015,21,18.1611971589682
30/01/2015,22,18.1605745040906
30/01/2015,23,18.15995282732
30/01/2015,24,18.1593321295895
31/01/2015,1,18.158712411805
31/01/2015,2,18.1580936748996
31/01/2015,3,18.1574759197792
31/01/2015,4,18.1568591473606
31/01/2015,5,18.1562433585768
31/01/2015,6,18.1556285543284
31/01/2015,7,18.1550147355592
31/01/2015,8,18.1544019031644
31/01/2015,9,18.1537900580879
31/01/2015,10,18.1531792012411
31/01/2015,11,18.1525693335352
31/01/2015,12,18.1519604559089
31/01/2015,13,18.1513525692899
31/01/2015,14,18.1507456745676
31/01/2015,15,18.1501397727025
31/01/2015,16,18.1495348646004
31/01/2015,17,18.1489309511944
31/01/2015,18,18.148328033396
31/01/2015,19,18.1477261121436
31/01/2015,20,18.147125188365
31/01/2015,21,18.1465252629714
31/01/2015,22,18.1459263369015
31/01/2015,23,18.1453284110721
31/01/2015,24,18.1447314864326
01/02/2015,1,18.1441355638726
01/02/2015,2,18.1435406443634
01/02/2015,3,18.1429467288053
01/02/2015,4,18.1423538181316
01/02/2015,5,18.1417619132862
01/02/2015,6,18.1411710151806
01/02/2015,7,18.1405810657088
01/02/2015,8,18.1399918295065
01/02/2015,9,18.1394032481621
01/02/2015,10,18.1388153222433
01/02/2015,11,18.1382280524267
01/02/2015,12,18.1376414392362
01/02/2015,13,18.1370554833702
01/02/2015,14,18.1364701853308
01/02/2015,15,18.1358855457729
01/02/2015,16,18.1353015653294
01/02/2015,17,18.1347182445679
01/02/2015,18,18.1341355840996
01/02/2015,19,18.1335535845574
01/02/2015,20,18.1329722465307
01/02/2015,21,18.1323915706307
01/02/2015,22,18.131811557425
01/02/2015,23,18.1312322075682
01/02/2015,24,18.1306535216936
02/02/2015,1,18.1300755003467
02/02/2015,2,18.1294981441606
02/02/2015,3,18.1289214537464
02/02/2015,4,18.1283454297372
02/02/2015,5,18.1277700727223
02/02/2015,6,18.1271953832475
02/02/2015,7,18.1266213620547
02/02/2015,8,18.126048009668
02/02/2015,9,18.1254753266985
02/02/2015,10,18.124903313801
02/02/2015,11,18.1243319715431
02/02/2015,12,18.123761300536
02/02/2015,13,18.1231913013908
02/02/2015,14,18.122621974806
02/02/2015,15,18.1220533213054
02/02/2015,16,18.1214853414785
02/02/2015,17,18.1209180360238
02/02/2015,18,18.1203514054869
02/02/2015,19,18.1197854505226
02/02/2015,20,18.1192201717204
02/02/2015,21,18.118655569735
02/02/2015,22,18.1180916450685
02/02/2015,23,18.1175283985067
02/02/2015,24,18.1169658305298
03/02/2015,1,18.1164039417927
03/02/2015,2,18.1158427329501
03/02/2015,3,18.1152822045697
03/02/2015,4,18.1147223572189
03/02/2015,5,18.1141631916835
03/02/2015,6,18.1136047083783
03/02/2015,7,18.113046908089
03/02/2015,8,18.112489791296
03/02/2015,9,18.1119333586976
03/02/2015,10,18.1113776109269
03/02/2015,11,18.1108225485514
03/02/2015,12,18.1102681721823
03/02/2015,13,18.1097144824744
03/02/2015,14,18.1091614800389
03/02/2015,15,18.1086091655307
03/02/2015,16,18.1080575394299
03/02/2015,17,18.107506602566
03/02/2015,18,18.1069563553756
03/02/2015,19,18.106406798579
03/02/2015,20,18.1058579327655
03/02/2015,21,18.1053097585464
03/02/2015,22,18.1047622765764
03/02/2015,23,18.1042154874885
03/02/2015,24,18.1036693917849
04/02/2015,1,18.1031239902513
04/02/2015,2,18.1025792833898
04/02/2015,3,18.1020352718988
04/02/2015,4,18.1014919563459
04/02/2015,5,18.1009493373858
04/02/2015,6,18.1004074156517
04/02/2015,7,18.099866191711
04/02/2015,8,18.0993256662623
04/02/2015,9,18.098785839873
04/02/2015,10,18.098246713198
04/02/2015,11,18.0977082868485
04/02/2015,12,18.0971705614356
04/02/2015,13,18.0966335376579
04/02/2015,14,18.0960972160392
04/02/2015,15,18.0955615972343
04/02/2015,16,18.0950266818982
04/02/2015,17,18.0944924706855
04/02/2015,18,18.0939589641421
04/02/2015,19,18.0934261629445
04/02/2015,20,18.092894067704
04/02/2015,21,18.0923626791191
04/02/2015,22,18.0918319976481
04/02/2015,23,18.0913020240987
04/02/2015,24,18.0907727589729
05/02/2015,1,18.0902442030128
05/02/2015,2,18.0897163567424
05/02/2015,3,18.0891892208601
05/02/2015,4,18.0886627959335
05/02/2015,5,18.088137082661
05/02/2015,6,18.0876120816538
05/02/2015,7,18.0870877934794
05/02/2015,8,18.0865642188583
05/02/2015,9,18.0860413583578
05/02/2015,10,18.0855192126328
05/02/2015,11,18.0849977823382
05/02/2015,12,18.0844770680851
05/02/2015,13,18.0839570704411
05/02/2015,14,18.083437790192
05/02/2015,15,18.0829192277743
05/02/2015,16,18.0824013840174
05/02/2015,17,18.0818842594017
05/02/2015,18,18.0813678546692
05/02/2015,19,18.0808521703439
05/02/2015,20,18.0803372071459
05/02/2015,21,18.0798229656866
05/02/2015,22,18.0793094466208
05/02/2015,23,18.0787966505159
05/02/2015,24,18.0782845780923
06/02/2015,1,18.0777732299393
06/02/2015,2,18.0772626066682
06/02/2015,3,18.0767527089774
06/02/2015,4,18.0762435374127
06/02/2015,5,18.0757350927379
06/02/2015,6,18.075227375477
06/02/2015,7,18.0747203863284
06/02/2015,8,18.0742141258816
06/02/2015,9,18.0737085948349
06/02/2015,10,18.0732037937996
06/02/2015,11,18.0726997233869
06/02/2015,12,18.0721963842734
06/02/2015,13,18.0716937770703
06/02/2015,14,18.0711919023888
06/02/2015,15,18.070690760971
06/02/2015,16,18.0701903533627
06/02/2015,17,18.0696906802623
06/02/2015,18,18.0691917422373
06/02/2015,19,18.0686935399863
06/02/2015,20,18.0681960741204
06/02/2015,21,18.067699345338
06/02/2015,22,18.0672033542069
06/02/2015,23,18.0667081013817
06/02/2015,24,18.0662135875609
07/02/2015,1,18.065719813334
07/02/2015,2,18.0652267793557
07/02/2015,3,18.0647344862591
07/02/2015,4,18.064242934699
07/02/2015,5,18.0637521253302
07/02/2015,6,18.0632620587639
07/02/2015,7,18.0627727356768
07/02/2015,8,18.0622841567238
07/02/2015,9,18.0617963224504
07/02/2015,10,18.0613092336425
07/02/2015,11,18.0608228908677
07/02/2015,12,18.0603372947371
07/02/2015,13,18.0598524459929
07/02/2015,14,18.0593683452025
07/02/2015,15,18.0588849930209
07/02/2015,16,18.0584023901465
07/02/2015,17,18.0579205371687
07/02/2015,18,18.0574394347423
07/02/2015,19,18.0569590835657
07/02/2015,20,18.0564794842066
07/02/2015,21,18.0560006373635
07/02/2015,22,18.055522543691
07/02/2015,23,18.0550452038005
07/02/2015,24,18.0545686183905
08/02/2015,1,18.0540927880284
08/02/2015,2,18.0536177134563
08/02/2015,3,18.0531433952856
08/02/2015,4,18.0526698341273
08/02/2015,5,18.0521970307018
08/02/2015,6,18.0517249855984
08/02/2015,7,18.0512536995157
08/02/2015,8,18.050783173021
08/02/2015,9,18.0503134069004
08/02/2015,10,18.0498444016994
08/02/2015,11,18.0493761581165
08/02/2015,12,18.0489086767629
08/02/2015,13,18.0484419582936
08/02/2015,14,18.0479760034505
08/02/2015,15,18.0475108127575
08/02/2015,16,18.0470463869133
08/02/2015,17,18.0465827266598
08/02/2015,18,18.0461198325429
08/02/2015,19,18.0456577052173
08/02/2015,20,18.0451963454252
08/02/2015,21,18.0447357537341
08/02/2015,22,18.0442759308207
08/02/2015,23,18.0438168773399
08/02/2015,24,18.04335859399
09/02/2015,1,18.0429010813823
09/02/2015,2,18.0424443401716
09/02/2015,3,18.0419883710128
09/02/2015,4,18.0415331746044
09/02/2015,5,18.0410787515575
09/02/2015,6,18.040625102527
09/02/2015,7,18.0401722282113
09/02/2015,8,18.0397201292653
09/02/2015,9,18.0392688062566
09/02/2015,10,18.038818259949
09/02/2015,11,18.0383684909757
09/02/2015,12,18.0379194999477
09/02/2015,13,18.0374712876073
09/02/2015,14,18.0370238545438
09/02/2015,15,18.0365772013902
09/02/2015,16,18.0361313289104
09/02/2015,17,18.0356862376721
09/02/2015,18,18.0352419284172
09/02/2015,19,18.0347984017135
09/02/2015,20,18.0343556582811
09/02/2015,21,18.0339136987313
09/02/2015,22,18.0334725238499
09/02/2015,23,18.0330321341171
09/02/2015,24,18.0325925303623
10/02/2015,1,18.0321537131094
10/02/2015,2,18.0317156831443
10/02/2015,3,18.0312784409907
10/02/2015,4,18.0308419874782
10/02/2015,5,18.0304063231088
10/02/2015,6,18.0299714486682
10/02/2015,7,18.0295373647459
10/02/2015,8,18.0291040720404
10/02/2015,9,18.0286715712064
10/02/2015,10,18.0282398628988
10/02/2015,11,18.0278089478161
10/02/2015,12,18.0273788265695
10/02/2015,13,18.0269494998793
10/02/2015,14,18.0265209683785
10/02/2015,15,18.0260932327437
10/02/2015,16,18.0256662936299
10/02/2015,17,18.0252401517137
10/02/2015,18,18.0248148076716
10/02/2015,19,18.0243902621587
10/02/2015,20,18.0239665158297
10/02/2015,21,18.0235435693612
10/02/2015,22,18.0231214234518
10/02/2015,23,18.0227000787563
10/02/2015,24,18.0222795358859
11/02/2015,1,18.0218597955827
11/02/2015,2,18.0214408584579
11/02/2015,3,18.0210227252537
11/02/2015,4,18.0206053965376
11/02/2015,5,18.020188873139
11/02/2015,6,18.0197731555163
11/02/2015,7,18.019358244499
11/02/2015,8,18.018944140742
11/02/2015,9,18.0185308448126
11/02/2015,10,18.0181183575187
11/02/2015,11,18.0177066794713
11/02/2015,12,18.0172958112598
11/02/2015,13,18.0168857537137
11/02/2015,14,18.0164765073569
11/02/2015,15,18.0160680729969
11/02/2015,16,18.0156604512231
11/02/2015,17,18.0152536426904
11/02/2015,18,18.0148476481409
11/02/2015,19,18.0144424682076
11/02/2015,20,18.014038103589
11/02/2015,21,18.0136345549399
11/02/2015,22,18.0132318229153
11/02/2015,23,18.0128299082135
11/02/2015,24,18.012428811533
12/02/2015,1,18.0120285335288
12/02/2015,2,18.0116290748556
12/02/2015,3,18.0112304362119
12/02/2015,4,18.0108326182526
12/02/2015,5,18.0104356217198
12/02/2015,6,18.010039447181
12/02/2015,7,18.0096440954221
12/02/2015,8,18.0092495670542
12/02/2015,9,18.0088558627758
12/02/2015,10,18.0084629832418
12/02/2015,11,18.0080709291942
12/02/2015,12,18.0076797012443
12/02/2015,13,18.0072893000688
12/02/2015,14,18.0068997264098
12/02/2015,15,18.006510980922
12/02/2015,16,18.0061230642168
12/02/2015,17,18.0057359771017
12/02/2015,18,18.0053497201443
12/02/2015,19,18.004964294043
12/02/2015,20,18.00457969954
12/02/2015,21,18.0041959372902
12/02/2015,22,18.0038130079047
12/02/2015,23,18.0034309121693
12/02/2015,24,18.0030496507388
13/02/2015,1,18.0026692242245
13/02/2015,2,18.0022896333685
13/02/2015,3,18.0019108789129
13/02/2015,4,18.0015329613816
13/02/2015,5,18.0011558816041
13/02/2015,6,18.0007796401915
13/02/2015,7,18.0004042378423
13/02/2015,8,18.0000296752987
13/02/2015,9,17.9996559530846
13/02/2015,10,17.999283072073
13/02/2015,11,17.9989110328752
13/02/2015,12,17.9985398361023
13/02/2015,13,17.9981694825838
13/02/2015,14,17.9977999728435
13/02/2015,15,17.9974313077109
13/02/2015,16,17.9970634877973
13/02/2015,17,17.996696513801
13/02/2015,18,17.9963303864206
13/02/2015,19,17.9959651063109
13/02/2015,20,17.9956006741704
13/02/2015,21,17.9952370907849
13/02/2015,22,17.9948743566783
13/02/2015,23,17.9945124726364
13/02/2015,24,17.9941514393577
14/02/2015,1,17.9937912574533
14/02/2015,2,17.993431927709
14/02/2015,3,17.9930734507361
14/02/2015,4,17.9927158272767
14/02/2015,5,17.9923590579856
14/02/2015,6,17.9920031435613
14/02/2015,7,17.991648084746
14/02/2015,8,17.9912938821071
14/02/2015,9,17.9909405364742
14/02/2015,10,17.9905880484584
14/02/2015,11,17.9902364187146
14/02/2015,12,17.9898856481159
14/02/2015,13,17.9895357370988
14/02/2015,14,17.9891866865801
14/02/2015,15,17.9888384971273
14/02/2015,16,17.9884911694389
14/02/2015,17,17.9881447042571
14/02/2015,18,17.9877991022804
14/02/2015,19,17.9874543641199
14/02/2015,20,17.9871104905615
14/02/2015,21,17.9867674822162
14/02/2015,22,17.9864253399137
14/02/2015,23,17.9860840641777
14/02/2015,24,17.9857436557941
15/02/2015,1,17.9854041155049
15/02/2015,2,17.9850654438778
15/02/2015,3,17.9847276417859
15/02/2015,4,17.9843907097093
15/02/2015,5,17.9840546485211
15/02/2015,6,17.9837194588326
15/02/2015,7,17.983385141386
15/02/2015,8,17.9830516968359
15/02/2015,9,17.982719125881
15/02/2015,10,17.982387429307
15/02/2015,11,17.9820566076814
15/02/2015,12,17.9817266617902
15/02/2015,13,17.981397592288
15/02/2015,14,17.981069399917
15/02/2015,15,17.9807420853322
15/02/2015,16,17.9804156492755
15/02/2015,17,17.980090092402
15/02/2015,18,17.9797654154536
15/02/2015,19,17.9794416190853
15/02/2015,20,17.9791187040828
15/02/2015,21,17.9787966710137
15/02/2015,22,17.9784755207511
15/02/2015,23,17.9781552537752
15/02/2015,24,17.9778358710464
16/02/2015,1,17.977517373045
16/02/2015,2,17.9771997606003
16/02/2015,3,17.9768830343237
16/02/2015,4,17.9765671950881
16/02/2015,5,17.9762522433739
16/02/2015,6,17.9759381800104
16/02/2015,7,17.9756250056962
16/02/2015,8,17.9753127211297
16/02/2015,9,17.9750013270095
16/02/2015,10,17.974690824034
16/02/2015,11,17.9743812129454
16/02/2015,12,17.9740724943113
16/02/2015,13,17.9737646690483
16/02/2015,14,17.9734577377239
16/02/2015,15,17.9731517010805
16/02/2015,16,17.9728465598164
16/02/2015,17,17.9725423146301
16/02/2015,18,17.9722389662202
16/02/2015,19,17.971936515416
16/02/2015,20,17.9716349626979
16/02/2015,21,17.9713343089825
16/02/2015,22,17.9710345548374
16/02/2015,23,17.9707357010921
16/02/2015,24,17.9704377483577
17/02/2015,1,17.9701406973763
17/02/2015,2,17.9698445488466
17/02/2015,3,17.9695493035106
17/02/2015,4,17.9692549620668
17/02/2015,5,17.96896152517
17/02/2015,6,17.9686689936498
17/02/2015,7,17.9683773680736
17/02/2015,8,17.9680866492272
17/02/2015,9,17.9677968378528
17/02/2015,10,17.9675079346052
17/02/2015,11,17.9672199402266
17/02/2015,12,17.9669328554155
17/02/2015,13,17.9666466808703
17/02/2015,14,17.9663614173332
17/02/2015,15,17.9660770655464
17/02/2015,16,17.9657936260774
17/02/2015,17,17.9655110998428
17/02/2015,18,17.9652294874104
17/02/2015,19,17.9649487895222
17/02/2015,20,17.964669006964
17/02/2015,21,17.964390140347
17/02/2015,22,17.9641121905006
17/02/2015,23,17.9638351579924
17/02/2015,24,17.9635590436956
18/02/2015,1,17.9632838481775
18/02/2015,2,17.9630095723114
18/02/2015,3,17.9627362166211
18/02/2015,4,17.9624637820671
18/02/2015,5,17.9621922690858
18/02/2015,6,17.9619216786377
18/02/2015,7,17.9616520113341
18/02/2015,8,17.9613832678733
18/02/2015,9,17.9611154489976
18/02/2015,10,17.9608485554054
18/02/2015,11,17.9605825878825
18/02/2015,12,17.9603175470838
18/02/2015,13,17.9600534337515
18/02/2015,14,17.9597902486275
18/02/2015,15,17.9595279923233
18/02/2015,16,17.9592666656681
18/02/2015,17,17.9590062694042
18/02/2015,18,17.9587468041864
18/02/2015,19,17.9584882707131
18/02/2015,20,17.9582306697266
18/02/2015,21,17.9579740020126
18/02/2015,22,17.957718268226
18/02/2015,23,17.9574634691089
18/02/2015,24,17.9572096053598
19/02/2015,1,17.9569566777209
19/02/2015,2,17.9567046869779
19/02/2015,3,17.9564536336984
19/02/2015,4,17.9562035187555
19/02/2015,5,17.9559543427604
19/02/2015,6,17.9557061065861
19/02/2015,7,17.9554588108003
19/02/2015,8,17.9552124561451
19/02/2015,9,17.9549670434935
19/02/2015,10,17.9547225734132
19/02/2015,11,17.9544790466462
19/02/2015,12,17.9542364639783
19/02/2015,13,17.9539948261518
19/02/2015,14,17.9537541338213
19/02/2015,15,17.9535143877292
19/02/2015,16,17.9532755885739
19/02/2015,17,17.9530377372284
19/02/2015,18,17.9528008342604
19/02/2015,19,17.952564880412
19/02/2015,20,17.9523298765562
19/02/2015,21,17.952095823217
19/02/2015,22,17.9518627212237
19/02/2015,23,17.9516305713623
19/02/2015,24,17.9513993742876
20/02/2015,1,17.951169130698
20/02/2015,2,17.950939841423
20/02/2015,3,17.9507115070737
20/02/2015,4,17.9504841285234
20/02/2015,5,17.9502577063395
20/02/2015,6,17.9500322413951
20/02/2015,7,17.9498077343014
20/02/2015,8,17.9495841858879
20/02/2015,9,17.9493615968531
20/02/2015,10,17.9491399678955
20/02/2015,11,17.9489192997571
20/02/2015,12,17.9486995932675
20/02/2015,13,17.9484808489942
20/02/2015,14,17.9482630677667
20/02/2015,15,17.948046250327
20/02/2015,16,17.9478303973738
20/02/2015,17,17.947615509649
20/02/2015,18,17.947401587895
20/02/2015,19,17.9471886328538
20/02/2015,20,17.9469766452239
20/02/2015,21,17.9467656257475
20/02/2015,22,17.9465555752104
20/02/2015,23,17.946346494311
20/02/2015,24,17.9461383837479
21/02/2015,1,17.9459312443068
21/02/2015,2,17.94572507673
21/02/2015,3,17.9455198817159
21/02/2015,4,17.9453156600066
21/02/2015,5,17.945112412388
21/02/2015,6,17.9449101395585
21/02/2015,7,17.9447088422166
21/02/2015,8,17.9445085211919
21/02/2015,9,17.9443091770954
21/02/2015,10,17.944110810844
21/02/2015,11,17.9439134230051
21/02/2015,12,17.9437170144083
21/02/2015,13,17.9435215857957
21/02/2015,14,17.9433271378221
21/02/2015,15,17.9431336712732
21/02/2015,16,17.9429411870224
21/02/2015,17,17.9427496855496
21/02/2015,18,17.9425591678155
21/02/2015,19,17.9423696344747
21/02/2015,20,17.9421810862696
21/02/2015,21,17.9419935239421
21/02/2015,22,17.9418069481908
21/02/2015,23,17.9416213598452
21/02/2015,24,17.9414367596473
22/02/2015,1,17.9412531482521
22/02/2015,2,17.9410705264454
22/02/2015,3,17.9408888949692
22/02/2015,4,17.9407082545658
22/02/2015,5,17.940528606021
22/02/2015,6,17.9403499500331
22/02/2015,7,17.9401722873445
22/02/2015,8,17.9399956186971
22/02/2015,9,17.9398199448769
22/02/2015,10,17.9396452665824
22/02/2015,11,17.9394715845556
22/02/2015,12,17.9392988995824
22/02/2015,13,17.9391272124049
22/02/2015,14,17.9389565237216
22/02/2015,15,17.9387868343183
22/02/2015,16,17.9386181449372
22/02/2015,17,17.9384504563204
22/02/2015,18,17.9382837692538
22/02/2015,19,17.938118084392
22/02/2015,20,17.9379534025211
22/02/2015,21,17.9377897244703
22/02/2015,22,17.9376270508947
22/02/2015,23,17.9374653825798
22/02/2015,24,17.937304720268
23/02/2015,1,17.9371450646577
23/02/2015,2,17.9369864165783
23/02/2015,3,17.936828776772
23/02/2015,4,17.936672145981
23/02/2015,5,17.9365165248601
23/02/2015,6,17.9363619142823
23/02/2015,7,17.9362083149463
23/02/2015,8,17.9360557276377
23/02/2015,9,17.9359041530115
23/02/2015,10,17.9357535919844
23/02/2015,11,17.9356040451676
23/02/2015,12,17.9354555133468
23/02/2015,13,17.935307997308
23/02/2015,14,17.9351614977495
23/02/2015,15,17.9350160155009
23/02/2015,16,17.9348715512606
23/02/2015,17,17.9347281057708
23/02/2015,18,17.9345856798172
23/02/2015,19,17.9344442741422
23/02/2015,20,17.9343038895313
23/02/2015,21,17.9341645266395
23/02/2015,22,17.9340261863836
23/02/2015,23,17.9338888693746
23/02/2015,24,17.9337525764422
24/02/2015,1,17.9336173082847
24/02/2015,2,17.9334830656881
24/02/2015,3,17.9333498494816
24/02/2015,4,17.9332176603202
24/02/2015,5,17.9330864989897
24/02/2015,6,17.9329563662759
24/02/2015,7,17.9328272628336
24/02/2015,8,17.9326991896232
24/02/2015,9,17.9325721472123
24/02/2015,10,17.9324461363867
24/02/2015,11,17.9323211580195
24/02/2015,12,17.9321972127655
24/02/2015,13,17.9320743014105
24/02/2015,14,17.9319524247403
24/02/2015,15,17.9318315834535
24/02/2015,16,17.9317117783794
24/02/2015,17,17.9315930102166
24/02/2015,18,17.9314752797945
24/02/2015,19,17.9313585878117
24/02/2015,20,17.9312429350102
24/02/2015,21,17.9311283222632
24/02/2015,22,17.9310147502692
24/02/2015,23,17.930902219683
24/02/2015,24,17.9307907314651
25/02/2015,1,17.9306802862702
25/02/2015,2,17.9305708848406
25/02/2015,3,17.9304625279619
25/02/2015,4,17.9303552164638
25/02/2015,5,17.9302489509573
25/02/2015,6,17.9301437323593
25/02/2015,7,17.9300395614118
25/02/2015,8,17.9299364387698
25/02/2015,9,17.9298343652627
25/02/2015,10,17.9297333417635
25/02/2015,11,17.9296333688399
25/02/2015,12,17.9295344474085
25/02/2015,13,17.9294365781243
25/02/2015,14,17.9293397618603
25/02/2015,15,17.9292439993587
25/02/2015,16,17.9291492912744
25/02/2015,17,17.929055638524
25/02/2015,18,17.9289630418061
25/02/2015,19,17.9288715018629
25/02/2015,20,17.9287810195237
25/02/2015,21,17.9286915954872
25/02/2015,22,17.9286032305827
25/02/2015,23,17.9285159255523
25/02/2015,24,17.9284296812257
26/02/2015,1,17.9283444982138
26/02/2015,2,17.9282603774336
26/02/2015,3,17.9281773196271
26/02/2015,4,17.9280953254929
26/02/2015,5,17.9280143959477
26/02/2015,6,17.927934531559
26/02/2015,7,17.9278557332436
26/02/2015,8,17.9277780017874
26/02/2015,9,17.9277013378451
26/02/2015,10,17.9276257422898
26/02/2015,11,17.9275512158201
26/02/2015,12,17.9274777592655
26/02/2015,13,17.9274053734116
26/02/2015,14,17.9273340589571
26/02/2015,15,17.9272638166876
26/02/2015,16,17.9271946474764
26/02/2015,17,17.9271265519783
26/02/2015,18,17.9270595310227
26/02/2015,19,17.9269935853954
26/02/2015,20,17.9269287157949
26/02/2015,21,17.9268649231381
26/02/2015,22,17.9268022079923
26/02/2015,23,17.9267405714054
26/02/2015,24,17.9266800138575
27/02/2015,1,17.9266205363529
27/02/2015,2,17.9265621395461
27/02/2015,3,17.9265048242669
27/02/2015,4,17.9264485912572
27/02/2015,5,17.9263934413902
27/02/2015,6,17.9263393752335
27/02/2015,7,17.9262863937911
27/02/2015,8,17.9262344977178
27/02/2015,9,17.9261836877995
27/02/2015,10,17.9261339649092
27/02/2015,11,17.9260853296582
27/02/2015,12,17.9260377829632
27/02/2015,13,17.9259913255664
27/02/2015,14,17.9259459582099
27/02/2015,15,17.9259016817232
27/02/2015,16,17.9258584968484
27/02/2015,17,17.9258164044149
27/02/2015,18,17.9257754051214
27/02/2015,19,17.9257354998408
27/02/2015,20,17.925696689359
27/02/2015,21,17.9256589742872
27/02/2015,22,17.9256223556295
27/02/2015,23,17.9255868339969
27/02/2015,24,17.9255524103501
28/02/2015,1,17.9255190852564
28/02/2015,2,17.9254868596327
28/02/2015,3,17.9254557343083
28/02/2015,4,17.9254257098946
28/02/2015,5,17.9253967873519
28/02/2015,6,17.9253689673351
28/02/2015,7,17.9253422507172
28/02/2015,8,17.9253166382405
28/02/2015,9,17.9252921306907
28/02/2015,10,17.9252687288536
28/02/2015,11,17.925246433515
28/02/2015,12,17.9252252454608
28/02/2015,13,17.9252051655203
28/02/2015,14,17.9251861943922
28/02/2015,15,17.9251683329494
28/02/2015,16,17.9251515818905
28/02/2015,17,17.9251359421323
28/02/2015,18,17.925121414286
28/02/2015,19,17.9251079993119
28/02/2015,20,17.9250956978649
28/02/2015,21,17.9250845108181
28/02/2015,22,17.9250744389574
28/02/2015,23,17.9250654829812
28/02/2015,24,17.9250576437626
01/03/2015,1,17.925050922131
01/03/2015,2,17.9250453186978
01/03/2015,3,17.9250408345106
01/03/2015,4,17.9250374700932
01/03/2015,5,17.9250352264498
01/03/2015,6,17.9250341042462
01/03/2015,7,17.9250339171267
01/03/2015,8,17.9250339171704
01/03/2015,9,17.9250339171704
01/03/2015,10,17.9250339171267
01/03/2015,11,17.9250339171704
01/03/2015,12,17.9250339171704
01/03/2015,13,17.9250339171704
01/03/2015,14,17.9250339171267
01/03/2015,15,17.9250339171704
01/03/2015,16,17.9250339171704
01/03/2015,17,17.9250339171267
01/03/2015,18,17.9250339171704
01/03/2015,19,17.9250339171704
01/03/2015,20,17.9250339171267
01/03/2015,21,17.9250339171704
01/03/2015,22,17.9250339171704
01/03/2015,23,17.9250339171267
01/03/2015,24,17.9250339171704
